title,year,type,hasBackup,insertDTTM,viewSource
I.S.S.,2023,科幻,0,2024-11-20 00:00,Netflix
白日之下,2023,劇情,0,2024-11-18 00:00,DubokuTV
An Education,2009,劇情,0,2024-11-15 00:00,hmvod
Time Cut,2024,科幻,0,2024-11-13 00:00,Netflix
神算,1992,喜劇,0,2024-11-12 00:00,YouTube
Mountain Queen: the summits of lhakpa sherpa,2024,傳記,0,2024-11-08 00:00,Netflix
The First Slam Dunk,2022,動畫,0,2024-11-03 00:00,Netflix
Leave the World Behind,2023,懸疑,0,2024-10-30 00:00,Netflix
孤注一擲,2023,劇情,0,2024-10-25 00:00,Netflix
Wonderland,2024,科幻,0,2024-10-18 00:00,Netflix
Uglies,2024,科幻,0,2024-10-07 00:00,Netflix
十七年命運週期,2024,電視,0,2024-10-03 00:00,ViuTV
年少日記,2023,劇情,0,2024-09-30 00:00,8mapletv
Top Gun,1986,動作,0,2024-09-17 00:00,Netflix
Top Gun: Maverick,2022,動作,0,2024-09-09 00:00,Netflix
正港分局,2024,電視,0,2024-08-29 00:00,Netflix
幻愛,2019,劇情,0,2024-08-28 00:00,vimeo
反起跑線聯盟2,2024,電視,0,2024-08-26 00:00,ViuTV
填詞L,2023,劇情,0,2024-08-25 00:00,uvod
Anyone but you,2023,喜劇,0,2024-07-26 00:00,Netflix
無人之境,2024,電視,0,2024-07-10 00:00,ViuTV
City Hunter,2024,劇情,0,2024-06-25 22:00,Netflix
我的麻吉4個鬼,2023,喜劇,0,2024-06-24 22:00,Netflix
Despicable Me 4,2024,動畫,0,2024-06-21 19:20,Event Cinema
Inside Out 2,2024,動畫,0,2024-06-16 16:30,Event Cinema
Godzilla Minus One,2023,動作,0,2024-06-14 00:00,Netflix
Mysteries of the Terracotta Warriors,2024,紀錄,0,2024-06-13 01:20,Netflix
九龍城寨之圍城,2024,動作,0,2024-06-02 21:10,Event Cinema
Morbius,2022,動作,0,2024-05-31 00:00,Netflix
Atlas,2024,科幻,0,2024-05-30 00:00,Netflix
濁水漂流,2021,劇情,0,2024-05-26 00:00,ViuTV
Chaos Walking,2021,科幻,0,2024-05-23 00:00,Netflix
GTO Revival,2024,劇情,0,2024-05-20 00:00,duboku
打天下２,2024,電視,0,2024-05-19 00:00,ViuTV
Doraemon 13: Nobita and the Kingdom of Clouds 大雄與雲之國,1992,動畫,0,2024-05-18 00:00,hkanime
Secrets of the Neanderthals,2024,紀錄,0,2024-05-05 20:30,Netflix
Benedetta,2021,劇情,0,2024-05-02 00:30,SBS
覺悟,2017,劇情,0,2024-04-12 00:30,YouTube
Sisu,2022,動作,0,2024-04-05 00:30,Netflix
Black Adam,2022,動作,0,2024-04-02 00:30,Netflix
3 Body Problem,2024,電視,0,2024-03-23 00:30,Netflix
飛黃騰達,2024,電視,0,2024-03-18 00:30,ViuTV
Einstein and the bomb,2024,傳記,0,2024-03-18 00:30,Netflix
Damsel,2024,冒險,0,2024-03-12 00:30,Netflix
臨時劫案,2024,喜劇,0,2024-03-10 00:30,pttplay
周處除三害,2024,劇情,0,2024-03-08 00:30,Netflix
The Matrix Resurrections,2021,科幻,0,2024-02-20 00:30,Netflix
飯戲攻心2,2024,喜劇,0,2024-02-18 20:30,Event Cinema
Badland Hunters,2024,冒險,0,2024-02-07 00:00,Netflix
La sociedad de la nieve (Society of the Snow),2023,傳記,0,2024-01-25 00:00,Netflix
金手指,2023,警匪,0,2023-12-30 09:00,Cinema
Pretty Cure: All Stars F,2023,動畫,0,2023-12-25 13:00,Cinema
死屍死時四十四,2023,喜劇,0,2023-12-10 23:00,uvod
蠟筆小新：黃金間諜大作戰,2011,動畫,0,2023-12-08 20:00,facebook
Doraemon 34: Nobita in the New Haunts of Evil 新·大雄的大魔境,2014,動畫,1,2014-12-19 20:00,
Doraemon 37: Nobita's Great Adventure in the Antarctic Kachi Kochi 大雄的南極冰天雪地大冒險,2017,動畫,0,2023-12-03 00:00,TVB
Doraemon 38: Nobita's Treasure Island 大雄的金銀島,2018,動畫,0,2023-12-03 00:00,TVB
Doraemon 40: Nobita's New Dinosaur 大雄的新恐龍,2020,動畫,0,2023-12-03 00:00,TVB
Doraemon 42: Nobita's Sky Utopia 大雄與天空的理想鄉,2023,動畫,0,2023-12-03 00:00,pttplay
Fall,2022,懸疑,0,2023-12-01 00:00,Prime
Everything Everywhere All at Once,2022,科幻,0,2023-11-20 00:00,Prime
The Man in the High Castle,2015,電視,0,2023-11-15 00:00,Prime
無制限探險隊,2023,電視,0,2023-11-01 00:00,ViuTV
The Tomorrow War,2021,科幻,0,2023-10-20 00:00,Prime
Drifting Home,2022,動畫,0,2023-10-14 00:00,Netflix
Race to the Summit,2023,紀錄,0,2023-10-12 00:00,uvod
白日青春,2022,劇情,0,2023-10-06 00:00,uvod
Nowhere,2023,冒險,0,2023-10-03 00:00,Netflix
The Volcano: Rescue from Whakaari,2022,紀錄,0,2023-09-28 00:00,Netflix
那年盛夏我們綻放如花,2023,電視,0,2023-09-15 00:00,ViuTV
樹大招風,2016,懸疑,0,2023-08-30 00:00,Netflix
65,2023,冒險,0,2023-08-30 00:00,Netflix
關於我和鬼變成家人的那件事,2023,懸疑,0,2023-08-28 00:00,Netflix
命案,2023,懸疑,0,2023-08-05 00:00,gimy
觸G核心 Hit The Spot,2022,電視,0,2023-08-01 00:00,youtube
別叫我賭神,2023,劇情,0,2023-07-27 00:00,youtube
Bird Box: Barcelona,2023,恐怖,0,2023-07-22 00:00,netflix
Bird Box,2018,恐怖,0,2023-07-22 00:00,netflix
斷網,2023,科幻,0,2023-07-02 00:00,CX
燈火闌珊,2023,劇情,0,2023-05-20 00:00,pttplay
家和萬事驚,2019,劇情,0,2023-05-13 00:00,netflix
過時．過節,2022,劇情,0,2023-04-30 00:00,uvod
窄路微塵,2022,劇情,0,2023-04-27 00:00,8maple.tv
Doraemon 41: Nobita's Little Star Wars 大雄的宇宙小戰爭 2021,2022,動畫,0,2023-04-12 00:00,uvod
和解在後,2023,電視,0,2023-04-12 00:00,ViuTV
我班 Friend 好搞嘢 2,2007,喜劇,0,2023-03-27 00:00,uvod
正義迴廊,2022,劇情,0,2023-02-26 18:00,uvod
Jurassic World 3: Dominion,2022,科幻,0,2023-02-15 00:00,Netflix
Physical: 100,2023,電視,0,2023-02-15 00:00,Netflix
殺手廢J,2023,電視,0,2023-02-15 00:00,ViuTV
大誠實家,2023,電視,0,2023-02-15 00:00,ViuTV
JUNG_E,2023,劇情,0,2023-02-06 00:00,Netflix
毒舌大狀,2023,劇情,0,2023-01-27 18:00,Event Cinema
Narvik: Hitler's First Defeat,2022,戰爭,0,2023-01-29 00:00,Netflix
飯戲攻心,2022,喜劇,0,2023-01-06 00:00,uvod
緣路山旮旯,2022,愛情,0,2023-01-05 00:00,uvod
Lyle Lyle Crocodile,2022,動畫,0,2022-12-26 14:20,Event Cinema
心靈師,2022,電視,0,2023-01-01 00:00,ViuTV
Peninsula,2020,災難,0,2022-12-22 00:00,Netflix
First Love,2022,電視,0,2022-12-19 00:00,Netflix
Troll,2022,劇情,0,2022-12-15 00:00,Netflix
Guillermo del Toro’s Pinocchio,2022,動畫,0,2022-12-15 00:00,Netflix
A Trip to Infinity,2022,紀錄,0,2022-12-15 00:00,Netflix
Bullet Train,2022,劇情,0,2022-12-15 00:00,Netflix
百萬同居計劃,2022,電視,0,2022-12-04 00:00,ViuTV
闔家辣,2022,喜劇,0,2022-12-04 00:00,Netflix
明日戰記,2022,科幻,0,2022-12-03 00:00,Netflix
ERROR自爆96小時,2022,電視,0,2022-12-02 00:00,ViuTV
All Quiet on the Western Front,2022,戰爭,0,2022-11-20 00:00,Netflix
Ancient Apocalypse,2022,電視,0,2022-11-20 00:00,Netflix
1899,2022,電視,0,2022-11-20 00:00,Netflix
繩角,2022,電視,0,2022-11-20 00:00,ViuTV
季前賽,2022,電視,0,2022-10-30 00:00,ViuTV
野人老師,2022,電視,0,2022-10-30 00:00,ViuTV
夜香·鴛鴦·深水埗,2019,劇情,0,2022-10-29 21:00,Netflix
Minions and More,2022,動畫,0,2022-10-10 21:00,gimy
Thai Cave Rescue,2022,電視,0,2022-10-10 21:00,gimy
Blonde,2022,劇情,0,2022-09-30 23:00,gimy
阿媽有咗第二個,2022,劇情,0,2022-09-30 22:00,gimy
Narco Saints,2022,電視,0,2022-09-15 22:00,Netflix
七人樂隊,2021,劇情,0,2022-09-04 22:00,uvod
Minions: The Rise of Gru,2022,動畫,0,2022-09-02 22:00,uvod
A Stranger in Shanghai,2019,傳記,0,2022-08-30 22:00,NHK
神探大戰,2022,懸疑,0,2022-08-29 22:00,uvod
蠟筆小新：謎案！天下春日部學院的怪奇事件,2021,動畫,0,2022-08-29 20:00,uvod
MCU - Doctor Strange in the Multiverse of Madness,2022,動作,0,2022-08-01 20:00,uvod
Moonfall,2022,科幻,0,2022-07-31 00:00,uvod
手捲煙,2020,劇情,0,2022-07-30 00:00,uvod
The 7 Lives Of Lea,2022,電視,0,2022-07-28 00:00,Netflix
女人街，再見了,2021,劇情,0,2022-07-24 00:00,uvod
殺出個黃昏,2021,劇情,0,2022-07-23 00:00,uvod
I SWIM,2022,電視,0,2022-07-20 00:00,ViuTV
Money Heist: Korea - Joint Economic Area,2022,電視,0,2022-07-07 00:00,Netflix
Money Heist,2017,電視,0,2022-07-07 00:00,Netflix
Eden,2021,動畫,0,2022-06-16 00:00,Netflix
走佬去臺灣,2018,電視,0,2022-06-08 00:00,ViuTV
人住公屋 我住公屋,2019,電視,0,2022-06-08 00:00,ViuTV
走佬去馬拉,2019,電視,0,2022-06-08 00:00,ViuTV
買樓狂想#曲,2019,電視,0,2022-06-08 00:00,ViuTV
花姐ERROR遊,2019,電視,0,2022-06-08 00:00,ViuTV
ERROR自救TV,2020,電視,0,2022-06-08 00:00,ViuTV
大海男兒,2020,電視,0,2022-06-08 00:00,ViuTV
美女郊遊遊,2020,電視,0,2022-06-08 00:00,ViuTV
賭命夫妻,2021,電視,0,2022-06-08 00:00,ViuTV
造美人,2021,電視,0,2022-06-08 00:00,ViuTV
Good Night Show 全民造星,2018,電視,0,2022-06-08 00:00,ViuTV
調教你MIRROR,2021,電視,0,2022-06-08 00:00,ViuTV
ERROR自肥企画,2021,電視,0,2022-06-08 00:00,ViuTV
勁騎26,2022,電視,0,2022-06-08 00:00,ViuTV
香港秘密搜查官,2021,電視,0,2022-06-08 00:00,ViuTV
地產仔,2022,電視,0,2022-06-08 00:00,ViuTV
反起跑線聯盟,2022,電視,0,2022-06-08 00:00,ViuTV
940920,2022,電視,0,2022-06-08 00:00,ViuTV
冥冥之中,2022,電視,0,2022-06-08 00:00,ViuTV
Spy X Family (Season 1),2022,動畫,0,2022-06-08 00:00,Netflix
Thermae Romae Novae (Season 1),2022,動畫,0,2022-06-08 00:00,Netflix
Interceptor,2022,動作,0,2022-06-08 00:00,Netflix
The Electrical Life of Louis Wain,2021,傳記,0,2022-05-24 18:00,hmvod
Death on the Nile,2022,懸疑,0,2022-05-19 00:00,hmvod
選老頂,2016,劇情,0,2022-05-15 00:00,YouTube
一級指控,2021,劇情,0,2022-05-03 00:00,8maple.me
King Richard,2021,傳記,0,2022-04-02 00:00,hmvod
Inventing Anna,2022,電視,0,2022-03-23 00:00,Netflix
Manifest,2022,電視,0,2022-03-23 00:00,Netflix
The Adam Project,2022,科幻,0,2022-03-23 00:00,Netflix
The Mitchells vs. the Machines,2021,動畫,0,2022-02-16 20:00,hmvod
Encanto,2021,動畫,0,2022-03-06 20:00,hmvod
Fishbowl Wivies,2022,電視,0,2022-02-15 20:00,Netflix
MCU - Eternals,2021,動作,0,2022-02-13 20:00,uvod
下女誘罪,2016,情色,0,2022-02-13 20:00,Netflix
All of us are dead,2022,電視,0,2022-02-06 20:00,Netflix
IT 狗,2022,電視,0,2022-02-06 20:00,ViuTV
Red Notice,2021,冒險,0,2021-12-28 20:00,Netflix
The Silent Sea,2021,電視,0,2021-12-28 20:00,Netflix
梅艷芳,2021,傳記,0,2021-11-13 22:05,Cinema
Squid Game,2021,電視,0,2021-10-08 20:00,Netflix
大叔的愛,2021,電視,0,2021-10-08 20:00,ViuTV
男排女將,2020,電視,0,2021-09-04 20:00,ViuTV
媽媽的神奇小子,2021,傳記,0,2021-09-03 19:55,Cinema
鬼滅之刃劇場版無限列車篇,2020,動畫,0,2021-08-14 00:00,hmvod
Godzilla vs. Kong,2021,科幻,0,2021-08-14 00:00,hmvod
Stand by Me (Doraemon) 2,2020,動畫,1,2021-08-14 00:00,TVB
The Croods: A New Age,2020,動畫,0,2021-08-04 00:00,hmvod
The Croods,2013,動畫,0,2021-08-04 00:00,hmvod
Raya and the Last Dragon,2021,動畫,0,2021-08-04 00:00,hmvod
Kingdom: Ashin of the North,2021,恐怖,0,2021-07-28 00:00,Netflix
The Layover,2017,喜劇,0,2021-07-28 00:00,hmvod
Dreambuilders,2020,動畫,0,2021-07-28 00:00,hmvod
Orange is the new Black,2019,電視,0,2021-07-07 00:00,Netflix
Dynasty Warriors,2021,戰爭,0,2021-07-07 00:00,Netflix
Sexify,2021,電視,0,2021-07-07 00:00,Netflix
Sex/Life,2021,電視,0,2021-06-25 00:00,Netflix
Valeria,2021,電視,0,2021-06-11 00:00,Netflix
Something's Gotta Give,2003,愛情,0,2021-06-11 00:00,hmvod
Soul,2020,動畫,0,2021-05-28 00:00,hmvod
Bohemian Rhapsody,2018,劇情,0,2021-05-01 00:00,hmvod
Tom and Jerry,2021,劇情,0,2021-04-16 00:00,hmvod
Eyes Wild Shut,1999,情色,0,2021-04-16 00:00,Netflix
The Cowards Who Looked to the Sky,2012,情色,0,2021-04-16 00:00,Netflix
Madame Claude,2015,情色,0,2021-04-16 00:00,Netflix
Abzurdah,2015,情色,0,2021-04-16 00:00,Netflix
Jaoon Kahan Bata Ae Dil,2018,情色,0,2021-04-16 00:00,Netflix
Lang Tong,2018,情色,0,2021-04-16 00:00,Netflix
High Society,2018,情色,0,2021-04-16 00:00,Netflix
Ride or Die,2021,情色,0,2021-04-16 00:00,Netflix
Wonder Woman 1984,2020,冒險,0,2021-04-15 00:00,hmvod
Wonder Woman,2017,冒險,0,2021-04-15 00:00,hmvod
熱帶雨,2020,愛情,0,2021-03-29 00:00,hmvod
The Translator,2020,懸疑,0,2021-03-29 00:00,hmvod
Sisyphus: The Myth,2021,電視,0,2021-03-15 00:00,Netflix
Hello  Me!,2021,電視,0,2021-03-15 00:00,Netflix
Futmalls.com,2020,電視,0,2021-03-15 00:00,Netflix
向西聞記新春 SP：阿姨！我不想努力了！,2021,劇情,0,2021-02-28 00:00,hmvod
The Witches,2020,魔幻,0,2021-02-28 00:00,hmvod
L'amant(The Lover),1992,情色,0,2021-02-24 00:00,hmvod
The Curry Songs,2020,電視,0,2021-02-06 00:00,Netflix
Star Wars 9: The Rise of Skywalker,2019,科幻,0,2021-01-26 00:00,hmvod
The New Mutants,2020,科幻,0,2021-01-16 00:00,hmvod
Out of the Cradle,2018,電視,0,2021-01-04 00:00,rthk
Tenet,2020,科幻,0,2020-12-26 00:00,hmvod
Attack on Titan （season 1 2 3a 3b 4）,2020,動畫,0,2020-12-23 00:00,mytv-super
Into the Night （season 1）,2020,電視,0,2020-12-23 00:00,Netflix
Sweet Home （season 1）,2020,電視,0,2020-12-23 00:00,Netflix
Alice in Borderland （season 1）,2020,電視,0,2020-12-23 00:00,Netflix
Romance Doll,2020,愛情,0,2020-12-24 00:00,Netflix
The Midnight Sky,2020,科幻,0,2020-12-24 00:00,Netflix
同床2夢,2012,情色,0,2020-12-13 00:00,hmvod
We Bare Bears （熊熊遇見你）,2020,動畫,0,2020-11-28 00:00,hmvod
角落小夥伴（劇場版）魔法繪本裡的新朋友,2019,動畫,0,2020-11-28 00:00,hmvod
Save Yourselves,2020,科幻,0,2020-12-14 00:00,hmvod
Greenland,2020,災難,0,2020-11-25 00:00,gimy
夜更,2020,紀錄,0,2020-11-23 00:00,Apple Daily
MILF,2018,喜劇,0,2020-11-23 00:00,Netflix
麥路人,2019,劇情,0,2020-11-20 00:00,gimy
Borat,2006,喜劇,0,2020-11-13 00:00,gimy
The Queen's Gambit,2020,電視,0,2020-10-25 00:00,Netflix
Tehran,2020,電視,0,2020-10-25 00:00,Apple TV+
Aladdin,2019,冒險,0,2020-10-16 00:00,hmvod
Scoob!,2020,動畫,0,2020-10-16 00:00,hmvod
The Incredible Story of the Giant Pear,2017,動畫,0,2020-10-16 00:00,hmvod
The Current War,2017,傳記,0,2020-10-15 00:00,gimy
The Reader,2008,劇情,0,2020-10-01 00:00,hmvod
Trolls World Tour,2020,動畫,0,2020-09-26 00:00,hmvod
The Professor and the Madman,2018,傳記,0,2020-09-22 00:00,hmvod
Challenger,2020,電視,0,2020-09-20 00:00,Netflix
Revenge Girl,2017,愛情,0,2020-09-20 00:00,hmvod
周秀娜3D法國蜜月之旅,2020,情色,0,2020-09-20 00:00,hmvod
Christopher Robin,2018,劇情,0,2020-09-20 00:00,hmvod
十年泰國,2018,劇情,0,2020-09-17 00:00,hmvod
十年台灣,2018,劇情,0,2020-09-17 00:00,hmvod
Goodbye Christopher Robin,2017,傳記,0,2020-09-09 00:00,hmvod
BioHackers（Season 1）,2020,電視,0,2020-09-06 00:00,Netflix
Away（Season 1）,2020,電視,0,2020-09-06 00:00,Netflix
毛俠,2018,劇情,0,2020-09-01 00:00,hmvod
12 Monkeys,1995,科幻,0,2020-08-16 00:00,Netflix
Time Trap,2017,科幻,0,2020-08-16 00:00,Netflix
Blade: Trinity,2004,科幻,0,2020-08-11 00:00,Netflix
Skyscraper,2018,災難,0,2020-08-06 00:00,Netflix
Terminator 6: Dark Fate,2019,科幻,0,2020-08-01 00:00,hmvod
Onward,2020,動畫,0,2020-08-01 00:00,hmvod
Mary Magdalene,2018,傳記,0,2020-07-26 00:00,hmvod
The Nutcracker and the Four Realms,2018,劇情,0,2020-07-25 00:00,hmvod
Hunter Killer,2018,戰爭,0,2020-07-25 00:00,hmvod
Blumhousr's Fantasy Island,2020,懸疑,0,2020-07-25 00:00,Netflix
The Invisible Man,2020,懸疑,0,2020-07-21 00:00,hmvod
Mon Ange（Angel）,2016,愛情,0,2020-07-20 00:00,hmvod
無雙,2018,懸疑,0,2020-07-17 00:00,hmvod
Wendy,2020,劇情,0,2020-07-14 00:00,hmvod
Back to the Future 3,1990,科幻,0,2020-07-13 00:00,hmvod
Back to the Future 2,1989,科幻,0,2020-07-13 00:00,hmvod
Back to the Future,1985,科幻,0,2020-07-13 00:00,hmvod
A Wrinkle in Time,2018,劇情,0,2020-07-12 00:00,hmvod
Dolittle,2020,魔幻,0,2020-07-12 00:00,hmvod
Smurfs: The Lost Village,2017,動畫,0,2020-07-12 00:00,hmvod
The Smurfs 2,2013,動畫,0,2020-07-12 00:00,hmvod
Greyhound,2020,戰爭,0,2020-07-12 00:00,Apple TV+
See,2019,電視,0,2020-07-12 00:00,Apple TV+
Japan Sinks 2020,2020,動畫,0,2020-07-11 00:00,Netflix
淪落人 （Still Human）,2018,劇情,0,2020-07-06 00:00,hmvod
家に帰ると妻が必ず死んだふりをしています （我老婆日日都扮死）,2018,愛情,0,2020-06-28 00:00,hmvod
Jurassic World 2: Fallen Kingdom,2018,科幻,0,2020-06-27 01:00,Netflix
Jurassic World,2015,科幻,1,2020-06-27 01:00,
Jurassic Park 3,2001,科幻,0,2020-06-27 01:00,
Jurassic Park 2: The Lost World,1997,科幻,0,1997-07-22 19:35,Cinema
Jurassic Park,1993,科幻,0,2020-06-27 01:00,
Spies in Disguise,2019,動畫,0,2020-06-19 00:00,hmvod
Space Force,2020,電視,0,2020-06-05 00:00,Netflix
Snowpiercer: TV Series （Season 1  2）,2020,電視,0,2020-06-05 00:00,Netflix
X-Men: Apocalypse,2016,動作,0,2020-06-05 00:00,Netflix
表姐，妳好嘢！４．情不自禁（Her Fatal Ways 4）,1994,喜劇,0,2020-06-04 00:00,hmvod
表姐，妳好嘢！３．之大人駕到（Her Fatal Ways III）,1992,喜劇,0,2020-06-04 00:00,hmvod
表姐，妳好嘢！２（Her Fatal Ways II）,1991,喜劇,0,2020-06-04 00:00,hmvod
表姐，妳好嘢！（Her Fatal Ways）,1990,喜劇,0,2020-06-04 00:00,hmvod
The Secret Life Of Pets 2,2016,動畫,0,2020-05-29 00:00,hmvod
Rampage,2018,動作,0,2020-05-18 00:00,hmvod
The Wrong Missy,2020,喜劇,0,2020-05-18 00:00,hmvod
Toy Story 4,2019,動畫,0,2020-05-10 00:00,hmvod
借りぐらしのアリエッティ (Arrietty),2010,動畫,0,2020-06-27 00:00,Netflix
哈爾移動城堡 (Howl's Moving Castle),2004,動畫,0,2020-04-04 00:00,Netflix
風之谷 (Nausicaä of the Valley of the Wind),1984,動畫,0,2020-03-28 00:00,Netflix
地海戰記 (Tales from Earthsea),2006,動畫,0,2020-03-08 00:00,Netflix
紅の豚（Porco Rosso）,1992,動畫,0,2020-03-08 00:00,Netflix
魔女の宅急便（Kiki's Delivery Service）,1989,動畫,0,2020-03-08 00:00,Netflix
天空之城（Castle in the Sky）,1986,動畫,0,2020-03-08 00:00,Netflix
龍貓（My Neighbor TOTORO）,1988,動畫,0,2020-03-08 00:00,Netflix
Shrek,2001,動畫,0,2020-04-04 00:00,Netflix
Shrek 2,2004,動畫,0,2020-04-04 00:00,Netflix
一飛沖天 History of Aviation,2020,電視,0,2020-05-01 00:00,RTHK
打天下,2020,電視,0,2020-05-01 00:00,ViuTV
教束,2019,電視,0,2020-05-01 00:00,ViuTV
理想國,2019,電視,0,2020-05-01 00:00,ViuTV
選戰,2014,電視,0,2020-05-01 00:00,HKTV
導火新聞線,2015,電視,0,2020-05-01 00:00,HKTV
天使の恋（出租天使）,2009,愛情,0,2020-04-28 00:00,hmvod
Dora and the Lost City of Gold,2019,冒險,0,2020-04-25 00:00,
Event Horizon,1997,科幻,0,2020-04-25 00:00,Netflix
Yesterday,2019,劇情,0,2020-04-18 00:00,
Justice League,2017,動作,0,2020-04-18 00:00,Netflix
Outlander（Season 1）,2016,電視,0,2020-04-18 00:00,Netflix
Jojo Rabbit,2019,劇情,0,2020-04-18 00:00,
Knives Out,2019,劇情,0,2020-03-27 00:00,
Joker,2019,劇情,0,2020-03-10 00:00,
Somewhere In Time,1980,科幻,0,2020-03-05 00:00,Netflix
二月廿九,2020,電視,0,2020-03-04 00:00,ViuTV
Parasite（기생충）,2019,劇情,0,2020-03-03 00:00,
Zathura: A Space Adventure,2005,冒險,0,2020-03-03 00:00,
Jumanji,1995,冒險,0,2020-03-03 00:00,
Jumanji: Welcome to the Jungle,2017,冒險,0,2020-03-03 00:00,
Jumanji: The Next Level,2019,冒險,0,2020-03-03 00:00,
Ragnarok（Season 1）,2020,電視,0,2020-02-08 00:00,
The Aeronauts,2019,劇情,0,2020-02-08 00:00,
彼岸之嫁（The Ghost Bride）（Season 1）,2020,電視,0,2020-01-30 00:00,Netflix
Dumbo,2019,劇情,0,2020-01-28 00:00,
Dunkirk,2017,戰爭,0,2020-01-28 00:00,
I Am Mother,2019,科幻,0,2020-01-28 00:00,Netflix
Men in Black 3,2019,動作,0,2020-01-28 00:00,Netflix
Men in Black: International,2019,動作,0,2020-01-28 00:00,Netflix
MCU - Spider-Man: Far from Home,2019,動作,0,2020-01-28 00:00,Netflix
You Me Her（Season 1  2  3  4）,2019,電視,0,2020-01-28 00:00,Netflix
Sex Education（Season 1  2）,2019,電視,0,2020-01-28 00:00,Netflix
Story of a Sin,1975,情色,0,2020-01-28 00:00,Netflix
Frozen 2,2019,動畫,0,2019-11-23 12:50,Cinema
Maleficent: Mistress of Evil,2019,魔幻,0,2020-01-28 00:00,
Ad Astra,2019,科幻,0,2020-01-28 00:00,
Elisa and Marcela,2019,愛情,0,2019-08-11 23:00,Netflix
Another Life （Season 1）,2019,電視,0,2019-08-11 23:00,Netflix
監獄風雲 II 逃犯 （Prison on Fire 2）,1991,劇情,0,2019-08-11 23:00,Netflix
監獄風雲 （Prison on Fire）,1987,劇情,0,2019-08-11 23:00,Netflix
Rim of the World,2019,冒險,0,2019-08-11 23:00,Netflix
流浪地球 （The Wandering Earth）,2018,科幻,0,2019-08-11 23:00,Netflix
The Naked Director （Season 1  2）,2019,電視,0,2019-08-11 23:00,Netflix
多啦A夢：大雄之月球探測記,2019,動畫,0,2019-08-11 13:20,Cinema
Aquaman,2018,動作,1,2019-05-07 23:00,
First Man,2018,紀錄,1,2019-05-07 23:00,
Mortal Engines,2018,科幻,1,2019-05-07 23:00,
They Shall Not Grow Old,2018,紀錄,1,2019-05-07 23:00,
Wonder Park,2019,動畫,0,2019-05-01 08:20,Cinema
Cars 3,2017,動畫,0,2019-05-01 16:00,Netflix
MCU - Avengers 4: Endgame,2019,動作,0,2019-04-30 01:00,
MCU - Avengers 3: Infinity War,2018,動作,0,2019-04-29 01:00,
MCU - Captain Marvel,2019,動作,0,2019-04-28 01:00,
MCU - Ant-Man and The Wasp,2018,動作,0,2019-04-27 01:00,
MCU - Thor 3: Ragnarok,2017,動作,0,2019-04-27 01:00,
MCU - Black Panther,2018,動作,0,2019-04-27 01:00,
Rough Night,2017,喜劇,0,2019-04-26 01:00,Netflix
The Queen's Corgi,2019,動畫,0,2019-04-14 16:00,Cinema
The Silence,2019,災難,0,2019-04-26 01:00,Netflix
Z 風暴 （Z Storm）,2014,警匪,0,2019-04-26 01:00,Netflix
S 風暴 （S Storm）,2016,警匪,0,2019-04-26 01:00,Netflix
MCU - Spider-Man: Homecoming,2017,動作,0,2019-04-26 01:00,Netflix
MCU - Guardians of the Galaxy Vol.2,2017,動作,0,2019-04-26 01:00,Netflix
MCU - Avengers 2: Age of Ultron,2015,動作,0,2019-04-26 01:00,
Colony （Season 1）,2017,電視,0,2019-04-06 00:00,Netflix
點五步,2016,紀錄,0,2019-04-06 00:00,Netflix
十年,2015,劇情,0,2019-04-06 00:00,Netflix
Kingdom （Season 1 2）,2019,恐怖,0,2019-04-06 00:00,Netflix
Nightflyers （Season 1）,2018,電視,0,2019-04-06 00:00,Netflix
Hotel Transylvania 3: Summer Vacation,2018,動畫,0,2019-04-06 00:00,Netflix
Hotel Transylvania 2,2015,動畫,0,2019-04-06 00:00,Netflix
Hotel Transylvania,2012,動畫,0,2019-04-06 00:00,Netflix
The Umbrella Academy （Season 1）,2019,電視,0,2019-04-06 00:00,Netflix
Love  Death and Robots （Season 1）,2019,電視,0,2019-04-06 00:00,Netflix
The Dawn Wall,2017,紀錄,0,2019-04-06 00:00,Netflix
Collateral Beauty,2016,劇情,0,2019-04-06 00:00,Netflix
My Husband Won't Fit （Season 1）,2019,電視,0,2019-04-06 00:00,Netflix
Mirage,2018,科幻,0,2019-04-06 00:00,Netflix
Osmosis,2019,電視,0,2019-04-06 00:00,Netflix
六福喜事,2014,喜劇,0,2018-12-24 00:00,Netflix
盲探,2013,懸疑,0,2018-12-24 00:00,Netflix
飛砂風中轉,2010,喜劇,0,2018-12-24 00:00,Netflix
Wreck-It Ralph 2 : Breaks the Internet,2018,動畫,0,2018-12-25 09:05,Cinema
Wreck-It Ralph,2012,動畫,0,2018-12-24 00:00,Netflix
1983 （Season 1）,--,電視,0,2018-12-09 00:00,Netflix
Abraham Lincoln: Vampire Hunter,2012,冒險,0,2018-07-15 12:30,Netflix
Paradise in Service 軍中樂園,2014,紀錄,0,2018-07-15 12:30,Netflix
Warcraft,2016,魔幻,0,2018-07-15 12:30,Netflix
Land of the Lost,2009,喜劇,0,2018-07-15 12:30,Netflix
How It Ends,2018,災難,0,2018-07-15 12:30,Netflix
MCU - Doctor Strange,2016,動作,0,2018-07-15 12:30,Netflix
Dark （Season 1）,--,電視,0,2018-06-03 22:30,Netflix
The Good Dinosaur,2015,動畫,0,2018-05-26 21:30,
Ballerina,2017,動畫,0,2017-01-19 09:30,Cinema
FullMetal Alchemist,2017,魔幻,0,2018-05-26 21:30,Netflix
War Machine,2017,紀錄,0,2018-05-26 21:30,Netflix
Spectral,2016,懸疑,0,2018-05-26 21:30,Netflix
Orbiter 9,2017,科幻,0,2018-05-26 21:30,Netflix
The Cloverfield Paradox,2018,科幻,0,2018-05-26 21:30,Netflix
Altered Carbon （Season 1）,--,電視,0,2018-05-26 21:30,Netflix
Zoo （Season 1 2 3）,--,電視,0,2018-05-26 21:30,Netflix
Erased （Season 1）,--,電視,0,2018-05-26 21:30,Netflix
Mob Psycho 100 （Season 1）,--,電視,0,2018-05-26 21:30,Netflix
Million Yen Women （Season 1）,--,電視,0,2018-05-26 21:30,Netflix
Lost in Space （Season 1  2）,--,電視,0,2018-05-26 21:30,Netflix
The Mist （Season 1）,--,電視,0,2018-05-26 21:30,Netflix
Déjà Vu,2006,科幻,0,2018-05-26 21:30,Netflix
The Rain （Season 1）,--,電視,0,2018-05-26 21:30,Netflix
The Huntsman: Winter's War,2016,魔幻,0,2018-05-26 21:30,Netflix
The Man from Earth: Holocene,2017,科幻,1,2018-05-26 19:30,
The Feels,2017,喜劇,1,2018-05-26 19:30,
Pacific Rim: Uprising,2018,科幻,1,2018-05-26 19:30,
Genesis,2018,科幻,1,2018-05-26 19:30,
Fifty Shades of Freed,2018,情色,1,2018-05-26 19:30,
A Sexy Night on Jeju Island,2018,情色,1,2018-05-26 19:30,
The Titan,2018,科幻,1,2018-05-26 19:30,
Maze Runner: The Death Cure,2018,冒險,1,2018-05-26 19:30,
Along with the Gods: The Two Worlds,2017,魔幻,1,2018-05-26 19:30,
1987: When the Day Comes,2017,紀錄,1,2018-05-26 19:30,
MCU - Captain America 3: Civil War,2016,動作,0,2018-04-30 23:50,Netflix
Ferdinand,2018,動畫,0,2018-02-16 10:50,Cinema
Vi,2013,情色,1,2018-01-10 00:00,
The Battleship Island,2017,紀錄,1,2018-01-10 00:00,
The Bathers,2003,情色,1,2018-01-10 00:00,
Q Sexual Desire,2011,情色,1,2018-01-10 00:00,
Pola X,1999,愛情,1,2018-01-10 00:00,
My Little Pony The Movie,2017,動畫,1,2018-01-10 00:00,
Intimnye mesta,2013,情色,1,2018-01-10 00:00,
La Fonte des neiges,2009,情色,1,2018-01-10 00:00,
HHhH,2017,戰爭,1,2018-01-10 00:00,
Grado 3,2009,情色,1,2018-01-10 00:00,
Flatliners,2017,懸疑,1,2018-01-10 00:00,
Girls Trip,2017,喜劇,1,2018-01-10 00:00,
Antiporno,2016,情色,1,2018-01-10 00:00,
A Secret Experience of Delicious Sex,2017,情色,1,2018-01-10 00:00,
9 Songs,2004,情色,1,2018-01-10 00:00,
A Taxi Driver,2017,劇情,1,2018-01-09 00:00,
Beyond Skyline,2017,科幻,1,2018-01-09 00:00,
Blade Runner Black Out 2022,2017,科幻,1,2018-01-09 00:00,
Geostorm,2017,災難,1,2018-01-09 00:00,
Kill Switch,2017,科幻,1,2018-01-09 00:00,
Olaf's Frozen Adventure,2017,動畫,1,2018-01-09 00:00,
The Lover's Guide Sexual Positions,2017,指南,1,2018-01-09 00:00,
The Dark Tower,2017,冒險,1,2018-01-09 00:00,
Planet of the Apes Series #03: War for the Planet of the Apes,2017,科幻,1,2018-01-09 00:00,
西謊極落之太爆太子太空艙,2017,喜劇,1,2018-01-09 00:00,
悟空傳,2017,動作,1,2018-01-09 00:00,
Coco,2017,動畫,0,2018-01-01 08:45,Cinema
1922,2017,劇情,0,2017-10-29 00:00,Netflix
The Sum of All Fears,2002,劇情,0,2017-10-29 00:00,Netflix
OtherLife,2017,科幻,0,2017-10-29 00:00,Netflix
Ex Machina,2015,科幻,0,2017-10-29 00:00,Netflix
反黑,2017,電視,0,2017-10-06 00:00,YouTube
Rememory,2017,懸疑,1,2017-09-07 00:00,
The Art of Loving. Story of Michalina Wislocka,2017,愛情,1,2017-09-07 00:00,
悟空傳,2017,動作,1,2017-09-07 00:00,
Blue Lagoon: The Awakening,2012,劇情,0,2017-09-07 00:00,Netflix
Return to the Blue Lagoon,1991,劇情,0,2017-09-07 00:00,Netflix
The Blue Lagoon,1980,劇情,0,2017-09-07 00:00,Netflix
Stardust,2007,魔幻,0,2017-09-01 00:00,Netflix
Naked,2017,喜劇,0,2017-09-01 00:00,Netflix
Death Note,2017,魔幻,0,2017-09-01 00:00,Netflix
Love and Other Drugs,2010,愛情,0,2017-09-01 00:00,Netflix
Drone,2017,懸疑,1,2017-08-05 00:00,
Prometheus,2012,科幻,1,2017-07-22 00:00,
The Lost City of Z,2016,紀錄,1,2017-07-22 00:00,
The Mummy,2017,冒險,1,2017-07-22 00:00,
2.22,2017,愛情,1,2017-07-22 00:00,
Timeless,2017,電視,0,2017-07-05 00:00,Netflix
Alien: Covenant,2017,科幻,1,2017-07-05 00:00,
Prometheus,2012,科幻,0,2017-07-05 00:00,
Beauty and the Beast,2017,愛情,1,2017-07-05 00:00,
Dangal,2016,劇情,1,2017-07-05 00:00,
Life,2017,科幻,1,2017-07-05 00:00,
春嬌救志明,2017,愛情,1,2017-07-05 00:00,
Sausage Party,2017,動畫,0,2017-06-25 00:00,Netflix
Despicable Me 3,2017,動畫,0,2017-06-17 13:25,Cinema
合約男女,2017,愛情,0,2017-06-16 00:00,iTunes
The Boss Baby,2017,動畫,0,2017-04-04 09:20,Cinema
Allied,2016,戰爭,1,2017-04-08 00:00,
Fifty Shades of Darker,2016,情色,1,2017-04-08 00:00,
Inferno,2016,懸疑,1,2017-04-08 00:00,
Hacksaw Ridge,2016,戰爭,1,2017-04-08 00:00,
Morgan,2016,恐怖,1,2017-04-08 00:00,
Star Trek Beyond,2016,科幻,1,2017-04-08 00:00,
Snowden,2016,傳記,1,2017-04-08 00:00,
Trolls,2016,動畫,1,2017-04-08 00:00,
Rogue One: A Star Wars Story,2016,科幻,1,2017-04-08 00:00,
The Space Between Us,2017,科幻,1,2017-04-08 00:00,
Arrival,2016,科幻,1,2017-04-08 00:00,
Passengers,2016,科幻,1,2017-04-08 00:00,
Nine Lives,2016,喜劇,1,2017-04-08 00:00,
Sully,2016,傳記,1,2017-04-08 00:00,
Westworld（Season 1 2 3）,--,電視,1,2017-04-08 00:00,
Travelers（Season 1 2 3）,--,電視,0,2017-02-17 00:00,Netflix
Tokyo Trial（Season 1）,--,電視,0,2017-02-17 00:00,Netflix
Reign（Season 1）,--,電視,0,2017-02-17 00:00,Netflix
Cosmos: A Spacetime Odyssey（Season 1）,--,電視,0,2017-02-17 00:00,Netflix
Stranger Things（Season 1）,--,電視,0,2017-02-17 00:00,Netflix
The Red Tent（Season 1）,--,電視,0,2017-02-17 00:00,Netflix
The Expanse（Season 1）,--,電視,0,2017-02-17 00:00,Netflix
Deepwater Horizon,2016,災難,0,2016-12-27 00:00,
The Man from the Future （O Homem do Futuro）,2011,科幻,0,2016-12-05 00:00,Netflix
ARQ,2016,科幻,0,2016-12-05 00:00,Netflix
Patterns of Evidence: Exodus,2014,紀錄,0,2016-12-05 00:00,Netflix
X-Rated: The Greatest Adult Movies of All Time,2015,情色,0,2016-12-05 00:00,Netflix
House of Cards（Season 1）,--,電視,0,2016-11-30 22:00,Netflix
The Crown（Season 1）,--,電視,0,2016-11-30 22:00,Netflix
Designated Survivor（Season 1 2）,--,電視,0,2016-11-30 22:00,Netflix
Frequency（Season 1）,--,電視,0,2016-11-30 22:00,Netflix
3%（Season 1）,--,電視,0,2016-11-30 22:00,Netflix
Shooter（Season 1 2）,--,電視,0,2016-11-30 22:00,Netflix
Agoraphobia,2015,恐怖,1,2016-10-18 22:00,
Carol,2015,愛情,1,2016-10-18 22:00,
Goddess of Love,2015,恐怖,1,2016-10-18 22:00,
Little Deaths,2011,恐怖,1,2016-10-18 22:00,
Repo Man,2010,懸疑,1,2016-10-18 22:00,
Taxi Tehran,2015,喜劇,1,2016-10-18 22:00,
Terminus,2015,科幻,1,2016-10-18 22:00,
The Hallow,2015,懸疑,1,2016-10-18 22:00,
The Little Prince,2015,動畫,1,2016-10-18 22:00,
The Midwife,2015,劇情,1,2016-10-18 22:00,
The Peanuts Movie,2015,動畫,1,2016-10-18 22:00,
Zootopia,2016,動畫,1,2016-10-18 22:00,
The Danish Girl,2016,愛情,1,2016-10-18 22:00,
The Purge: Election Year,2016,恐怖,1,2016-10-18 22:00,
Mr Robot （Season 1 2）,2015,電視,1,2016-10-18 22:00,
London Has Fallen,2016,動作,1,2016-10-18 22:00,
Train To Busan,2016,科幻,1,2016-10-18 22:00,
Independence Day Resurgence,2016,科幻,1,2016-10-18 22:00,
10 Cloverfield Lane,2016,懸疑,1,2016-10-18 22:00,
寒戰２,2016,警匪,0,2016-07-12 22:20,Cinema
The Secret Life Of Pets,2016,動畫,0,2016-07-01 09:15,Cinema
Divergent Series : #3 Allegiant,2016,科幻,1,2016-06-28 23:00,
Cutie Honey,2004,喜劇,1,2016-06-28 23:00,
The Stepford Wives,2004,喜劇,1,2016-06-28 23:00,
Attack On Titan #2,2015,科幻,1,2016-06-17 23:00,
Contes Immoraux,1974,情色,1,2016-06-17 23:00,
Deadpool,2016,動作,1,2016-06-17 23:00,
Dora or The Sexual Neuroses of Our Parents,2015,情色,1,2016-06-17 23:00,
Fifty Shades of Grey,2015,情色,1,2016-06-17 23:00,
Gods of Egypt,2016,動作,1,2016-06-17 23:00,
Kamasutra,2008,指南,1,2016-06-17 23:00,
Men  Women and Children,2014,劇情,1,2016-06-17 23:00,
Meru,2015,紀錄,1,2016-06-17 23:00,
Nymphomaniac Volume 1,2013,情色,1,2016-06-17 23:00,
Nymphomaniac Volume 2,2013,情色,1,2016-06-17 23:00,
Point Break,2015,冒險,1,2016-06-17 23:00,
RTHK: The Cruel Wars 2 - Soviet Afghan War,2015,紀錄,1,2016-06-17 23:00,
RTHK: The Cruel Wars 2 - The rise of ISIS,2015,紀錄,1,2016-06-17 23:00,
The 5th Wave,2016,科幻,1,2016-06-17 23:00,
The Revenant,2015,冒險,1,2016-06-17 23:00,
This is where I leave you,2014,愛情,1,2016-06-17 23:00,
The Angry Birds Movie 2,2019,動畫,0,2020-05-04 00:00,hmvod
The Angry Birds Movie,2016,動畫,0,2016-06-09 09:00,Cinema
Look Who's Back,2015,喜劇,0,2016-04-25 00:00,Netflix
Masters of Sex（Season 1）,--,電視,0,2016-06-03 00:00,Netflix
Star Trek (#12) Into Darkness,2013,科幻,0,2016-06-03 00:00,Netflix
Helix （Season 1）,--,電視,0,2016-04-24 00:00,Netflix
Kate and Leopold,2001,愛情,0,2016-03-08 00:00,Netflix
Marco Polo （Season 1）,--,電視,0,2016-03-07 00:00,Netflix
The Returned （Season 1）,--,電視,0,2016-03-07 00:00,Netflix
Peppa Pig,--,電視,0,2016-03-07 00:00,Netflix
Good Morning Call,--,電視,0,2016-03-07 00:00,Netflix
Black Mirror （Season 1 2 Special 3 4 5）,--,電視,0,2016-03-07 00:00,Netflix
アンダーウェア（內衣白領風雲）,--,電視,0,2016-03-07 00:00,Netflix
Ascension （Season 1）,--,電視,0,2016-03-07 00:00,Netflix
The 100 （Season 1 2 3 4 5 6 7）,--,電視,0,2016-03-12 00:00,Netflix
12 Monkeys （Season 1 2 3 4）,--,電視,0,2016-03-12 00:00,Netflix
We're the Millers,2013,喜劇,0,2016-01-09 21:00,Cinema
Four Christmases,2008,愛情,0,2016-01-08 21:00,Cinema
400 Days,2015,科幻,1,2016-01-04 21:00,
Aphrodisiac: The Sexual Secret Of Marijuana,1971,情色,1,2016-01-04 21:00,
Air,2015,科幻,1,2016-01-04 21:00,
MCU - Ant-Man,2015,動作,1,2016-01-04 21:00,
Bad Timing,1980,情色,1,2016-01-04 21:00,
Bikini Model Academy,2015,情色,1,2016-01-04 21:00,
Black and White and Sex,2012,情色,1,2016-01-04 21:00,
Chloe and Theo,2015,劇情,1,2016-01-04 21:00,
Crawlspace,2012,科幻,1,2016-01-04 21:00,
Diet of Sex,2014,情色,1,2016-01-04 21:00,
Experimenter,2015,紀錄,1,2016-01-04 21:00,
Maya the Bee Movie,2014,動畫,1,2016-01-04 21:00,
Maze Runner: The Scorch Trials,2015,冒險,1,2016-01-04 21:00,
Mr Holmes,2015,劇情,1,2016-01-04 21:00,
Parasyte,2015,科幻,1,2016-01-04 21:00,
Pay the Ghost,2015,懸疑,1,2016-01-04 21:00,
Pixels,2015,喜劇,1,2016-01-04 21:00,
Pressure,2015,劇情,1,2016-01-04 21:00,
SS Experiment Love Camp,1976,情色,1,2016-01-04 21:00,
Tale of Tales,2015,魔幻,1,2016-01-04 21:00,
Ted 2,2015,喜劇,1,2016-01-04 21:00,
The Crossing: Part 2,2015,戰爭,1,2016-01-04 21:00,
The Last Comfort Women,2014,戰爭,1,2016-01-04 21:00,
The Martian,2015,科幻,1,2016-01-04 21:00,
The Stanford Prison Experiment,2015,紀錄,1,2016-01-04 21:00,
Young People Fucking,2007,情色,1,2016-01-04 21:00,
Star Wars 7: The Force Awakens,2015,科幻,0,2015-12-19 19:30,Cinema
Planes,2013,動畫,0,2016-01-03 21:30,Cinema
Intern,2015,喜劇,0,2015-09-25 17:20,Cinema
Tomorrowland,2015,科幻,0,2015-07-30 09:00,Cinema
Inside Out,2015,動畫,0,2015-08-14 19:00,Cinema
Everest,2015,紀錄,0,2015-09-20 00:00,Cinema
Z for Zachariah,2015,科幻,1,2015-09-17 00:00,
Year One,2009,喜劇,1,2015-09-17 00:00,
The SpongeBob Movie: Sponge Out of Water,2015,動畫,1,2015-09-17 00:00,
The Last Survivors,2015,科幻,1,2015-09-17 00:00,
Terminator 5: Genisys,2015,科幻,1,2015-09-17 00:00,
Suite Francaise,2014,愛情,1,2015-09-17 00:00,
Self Less,2015,科幻,1,2015-09-17 00:00,
San Andreas,2015,災難,1,2015-09-17 00:00,
Phoenix,2014,愛情,1,2015-09-17 00:00,
Pandorum,2009,科幻,1,2015-09-17 00:00,
Ooops! Noah is Gone...,2014,動畫,1,2015-09-17 00:00,
Minions,2015,動畫,1,2015-09-17 00:00,
Harbinger Down,2015,恐怖,1,2015-09-17 00:00,
Divergent Series : #2 Insurgent,2015,科幻,1,2015-09-17 00:00,
Big Game,2014,冒險,1,2015-09-17 00:00,
Attack On Titan #1,2015,科幻,1,2015-09-17 00:00,
Terminator 2: Judgement Day,1991,科幻,0,2015-08-09 00:00,
Terminator,1984,科幻,0,2015-08-09 00:00,
雛妓（Sara）,2015,情色,1,2015-07-11 00:00,
衝鋒車（Two Thumbs Up）,2015,懸疑,1,2015-07-11 00:00,
Twentynine Palms,2003,情色,1,2015-07-11 00:00,
The Water Diviner,2014,戰爭,1,2015-07-11 00:00,
The Loft,2014,懸疑,1,2015-07-11 00:00,
The Age of Adaline,2015,愛情,1,2015-07-11 00:00,
San Andreas Quake,2015,災難,1,2015-07-11 00:00,
Mortdecai,2015,懸疑,1,2015-07-11 00:00,
Killing Jesus,2015,紀錄,1,2015-07-11 00:00,
Time Lapse,2014,科幻,1,2015-04-25 00:00,
The Judge,2014,劇情,1,2015-04-25 00:00,
The Anomaly,2014,懸疑,1,2015-04-14 00:00,
Hot Tub Time Machine 2,2015,喜劇,1,2015-04-14 00:00,
Gone Girl,2014,懸疑,1,2015-04-14 00:00,
Exodus: Gods and Kings,2014,動作,1,2015-04-14 00:00,
The Crossing: Part 1,2014,戰爭,1,2015-03-21 00:00,
Teenage Mutant Ninja Turtles,2014,動作,1,2015-03-21 00:00,
Stand by Me (Doraemon),2014,動畫,1,2015-03-21 00:00,
Serial Bad Weddings,2014,喜劇,1,2015-03-21 00:00,
PK,2014,喜劇,1,2015-03-21 00:00,
Hector and the Search for Happiness,2014,喜劇,1,2015-03-21 00:00,
Asian School Girls,2014,情色,1,2015-03-21 00:00,
Cinderella,2015,喜劇,0,2015-03-14 12:50,
Unstoppable,2010,冒險,0,2015-03-07 21:30,
Zodiac Signs of the Apocalypse,2014,科幻,1,2015-02-14 00:00,
Vice,2015,動作,1,2015-02-14 00:00,
The Imitation Game,2014,紀錄,1,2015-02-14 00:00,
Sex Tape,2014,喜劇,1,2015-02-14 00:00,
Birdman,2014,喜劇,1,2015-02-14 00:00,
Big Hero,2014,動畫,1,2015-02-14 00:00,
Against the Sun,2014,冒險,1,2015-02-14 00:00,
The November Man,2014,警匪,1,2014-12-31 00:00,
The Interview,2014,喜劇,1,2014-12-31 00:00,
Stonehearst Asylum,2014,懸疑,1,2014-12-31 00:00,
Madagascar: Penguins of Madagascar,2014,動畫,1,2014-12-31 00:00,
Automata,2014,科幻,1,2014-12-31 00:00,
Paddington,2014,喜劇,1,2014-12-26 09:25,Cinema
Los cronocrímenes（Time Crimes）,2007,科幻,0,2014-12-26 00:00,
Viking: The Berserkers,2014,懸疑,1,2014-12-19 20:00,
Saint Seiya - Legend of Sanctuary,2014,動畫,1,2014-12-19 20:00,
As Above So Below,2014,恐怖,1,2014-12-19 20:00,
Maze Runner,2014,冒險,1,2014-12-12 00:00,
Predestination,2014,科幻,1,2014-12-12 00:00,
Left Behind,2014,懸疑,1,2014-12-12 00:00,
MCU - Guardians of the Galaxy,2014,動作,1,2014-12-12 00:00,
Fury,2014,戰爭,1,2014-12-12 00:00,
Chef,2014,喜劇,1,2014-12-12 00:00,
Snow White and the Huntsman,2012,魔幻,0,2014-11-08 21:30,
Interstellar,2014,科幻,0,2014-11-06 22:05,Cinema
Saints and Soldiers 3: The Void,2014,戰爭,1,2014-11-01 00:00,
Lucy,2014,科幻,1,2014-11-01 00:00,
Lost Time,2014,懸疑,1,2014-11-01 00:00,
Leprechaun Origins,2014,懸疑,1,2014-11-01 00:00,
Hercules,2014,戰爭,1,2014-11-01 00:00,
Earth to Echo,2014,科幻,1,2014-11-01 00:00,
Planet of the Apes Series #01: Rise of the Planet of the Apes,2011,科幻,1,2012-01-14 16:19,
Planet of the Apes Series #02: Dawn of the Planet of the Apes,2014,科幻,1,2014-11-01 00:00,
The Giver,2014,科幻,1,2014-09-18 21:00,
The Signal,2014,科幻,1,2014-09-18 20:00,
The Purge: Anarchy,2014,恐怖,1,2014-09-17 00:00,
那個少女不多情之脱的疑惑,1993,情色,1,2014-09-12 23:00,
永遠の０（Eien no Zero）,2013,戰爭,1,2014-09-09 20:00,
那夜凌晨，我坐上了旺角開往大埔的紅van（The Midnight After）,2014,科幻,1,2014-09-09 20:00,
The Last Ship （Season 1 2 3 4）,--,電視,1,2014-09-09 20:00,
Noah,2014,傳記,1,2014-09-09 20:00,
Last Flight,2014,恐怖,1,2014-09-09 20:00,
Jack Strong,2014,懸疑,1,2014-09-09 20:00,
Easy Six,2003,喜劇,1,2014-09-09 20:00,
Divergent Series : #1 Divergent,2014,科幻,1,2014-09-09 20:00,
Begin Again,2013,愛情,0,2014-09-09 14:00,Cinema
App,2013,懸疑,1,2014-09-09 20:00,
PLANES 2 - Fire and Rescue,2014,動畫,0,2014-07-22 09:30,Cinema
Alice in Wonderland,2010,冒險,0,2014-07-05 20:30,
爛滾夫鬥爛滾妻,2013,情色,1,2014-06-28 22:00,
櫻花公主之極樂快感,2013,情色,1,2014-06-28 22:00,
Under The Skin,2013,科幻,1,2014-06-28 22:00,
Obsessed,2009,恐怖,1,2014-06-28 22:00,
Godzilla,2014,科幻,1,2014-06-28 22:00,
Bad Neighbors,2014,喜劇,1,2014-06-28 22:00,
A Million Ways To Die In The West,2014,喜劇,1,2014-06-28 22:00,
Adore（Two Mothers）,2013,情色,1,2014-06-28 22:00,
3D肉蒲團之極樂寶鑑,2011,情色,1,2014-06-28 22:00,
How To Train Your Dragon 2,2014,動畫,0,2014-06-28 09:10,Cinema
Winnie the Pooh,2011,動畫,0,2014-06-26 22:00,
Justin and the Knights of Valour,2013,動畫,0,2014-06-22 00:00,
Edge of Tomorrow,2014,科幻,1,2014-06-12 00:00,
The Grand Budapest Hotel,2014,冒險,1,2014-06-09 10:00,
Her,2013,懸疑,1,2014-06-09 10:00,
Maleficent,2014,魔幻,0,2014-06-06 19:30,Cinema
The Bible,2013,電視,0,2014-06-06 00:00,
Son of God,2014,紀錄,0,2014-06-06 00:00,
人類資金（Human Trust）,2013,劇情,1,2014-05-24 00:00,
豪情（Naked Ambition 3D）,2014,情色,1,2014-05-24 00:00,
The Slut,2011,情色,1,2014-05-24 00:00,
The Amazing Spider-Man 2,2014,動作,1,2014-05-24 00:00,
Lego Movie,2014,動畫,1,2014-05-24 00:00,
College Girl Seeking,2001,情色,1,2014-05-21 00:00,
Transcendence,2014,科幻,0,2014-05-18 21:50,Cinema
風立ちぬ（The Wind Rises）,2013,動畫,1,2014-05-07 00:00,
RoboCop,2014,動作,1,2014-05-07 00:00,
Pompeii,2014,災難,1,2014-05-07 00:00,
Blutgletscher（Blood Glacier）,2013,恐怖,1,2014-05-07 00:00,
Apocalypse Pompeii,2014,災難,1,2014-05-07 00:00,
Bruce Almighty,2003,喜劇,0,2014-04-26 21:30,
殭屍（Rigor Mortis）,2013,恐怖,1,2014-04-22 00:00,
西遊記之大鬧天宮（The Monkey King）,2014,冒險,1,2014-04-22 00:00,
金雞SSS（Golden Chickensss）,2014,喜劇,1,2014-04-22 00:00,
The Legend of Hercules,2014,動作,1,2014-04-22 00:00,
Need for Speed,2014,動作,1,2014-04-22 00:00,
How Earth Made Us (EP01-05),2010,紀錄,1,2014-04-22 00:00,
MCU - Captain America 2: The Winter Soldier,2014,動作,1,2014-04-22 00:00,
Rio 2,2014,動畫,0,2014-04-21 01:20,
The Dreamers,2003,情色,1,2014-03-29 00:00,
Snowpiercer,2013,科幻,1,2014-03-29 00:00,
Nymphomaniac (I and II),2013,情色,1,2014-03-29 00:00,
300: Rise of an Empire,2014,戰爭,1,2014-03-29 00:00,
Non-Stop,2014,懸疑,0,2014-03-22 00:00,
Mr. Peabody and Sherman,2014,動畫,0,2014-03-08 13:00,
Chariot,2013,懸疑,0,2014-03-08 00:00,
The Monuments Men,2014,戰爭,0,2014-03-05 17:15,Cinema
Star Trek (#11),2009,科幻,0,2014-03-02 00:00,
Captain Phillips,2013,傳記,1,2014-02-25 00:00,
About Time,2013,愛情,0,2014-02-25 00:00,
植物學家的中國女孩,2006,情色,1,2014-02-20 00:00,
The Wolf of Wall Street,2013,劇情,1,2014-02-12 00:00,
After the Dark,2013,劇情,0,2014-02-10 00:00,
미스체인지（Miss Change）,2013,情色,1,2014-02-09 00:00,
無人區（No Man's Land）,2013,懸疑,0,2014-02-09 00:00,
掃毒（The White Storm）,2013,警匪,0,2014-02-09 00:00,
The World's End,2013,喜劇,0,2014-02-09 00:00,
The Secret Life of Walter Mitty,2013,喜劇,0,2014-02-09 00:00,
The Book Thief,2013,戰爭,0,2014-02-09 00:00,
The Book of Daniel,2013,科幻,0,2014-02-09 00:00,
Steel Tempest,2000,動作,1,2014-02-09 00:00,
Naked World,2003,情色,1,2014-02-09 00:00,
Lovelace,2013,情色,0,2014-02-09 00:00,
Le grand méchant loup（The Big Bad Wolf）,2013,喜劇,1,2014-02-09 00:00,
Frozen,2013,動畫,1,2014-02-09 00:00,
Free Birds,2013,動畫,0,2014-02-09 00:00,
Escape Plan,2013,冒險,0,2014-02-09 00:00,
Bikini Spring Break,2012,情色,1,2014-02-09 00:00,
Saints and Soldiers 2: Airborne Creed,2012,戰爭,0,2014-02-05 00:00,
Into the White,2012,戰爭,0,2014-02-04 02:00,
Cloudy with a Chance of Meatballs 2,2013,動畫,0,2014-01-03 13:35,Cinema
Toy Story 2,1999,動畫,0,2013-12-25 00:00,
MCU - Thor 2: The Dark World,2013,動作,0,2013-12-13 09:18,
Gravity,2013,科幻,0,2013-12-10 02:14,
마이웨이（My Way）,2011,戰爭,0,2013-12-02 22:17,
Pirates of the Caribbean: #4 - On Stranger Tides,2011,冒險,0,2013-11-17 21:59,
Pirates of the Caribbean: #3 - At World's End,2007,冒險,0,2013-11-17 21:59,
Pirates of the Caribbean: #2 - Dead Man's Chest,2006,冒險,0,2013-11-17 21:58,
Pirates of the Caribbean: #1 - The Curse of the Black Pearl,2003,冒險,0,2013-11-17 21:58,
Turbo,2013,動畫,1,2013-11-13 23:30,
The Last Days on Mars,2013,科幻,1,2013-11-13 23:30,
Room In Roma,2012,情色,1,2013-11-13 23:30,
Parkland,2013,紀錄,1,2013-11-13 23:30,
Elysium,2013,科幻,1,2013-11-13 23:30,
Lie With Me,2005,情色,1,2013-11-11 23:30,
Jan Dara: the Finale（晚孃：罪色）,2013,情色,1,2013-11-11 23:30,
Jan Dara: the Beginning（晚孃：戀慾）,2012,情色,1,2013-11-11 23:30,
About Cherry,2012,情色,1,2013-11-11 23:30,
德川性愛禁止令：色情大名,1972,情色,1,2013-11-11 22:30,
すべては「裸になる」から始まって（一切從裸露開始）,2012,情色,1,2013-11-11 22:30,
MiLK ミルク滴る女（大乳牛奶女）,2010,情色,1,2013-11-11 22:30,
L'Apollonide: Souvenirs De La Maison Close（House of Tolerance）,2011,情色,1,2013-11-11 22:30,
ERO SUBWAY,2009,情色,1,2013-11-11 22:30,
The Pacific,2010,電視,0,2013-11-06 23:45,
開心魔法,2011,喜劇,0,2013-10-26 20:30,
Astronaut: The Last Push,2012,科幻,0,2013-10-24 22:34,
激戰,2013,動作,1,2013-10-19 11:42,
C.O.G.,2013,劇情,1,2013-10-19 11:42,
Escape From Tomorrow,2013,恐怖,1,2013-10-19 11:41,
半沢直樹（Hanzawa Naoki） （Season 1）,2013,電視,1,2013-10-19 11:41,
The Quiet Earth,1985,科幻,0,2013-09-30 15:41,
Taken,2008,動作,0,2013-09-21 21:30,
Dragon Ball Z: Battle of Gods,2013,動畫,0,2013-09-18 21:47,
The Karate Kid,2010,動作,0,2013-08-31 21:30,
The Sessions,2012,劇情,1,2013-08-31 01:16,
End of Days,1999,科幻,0,2013-08-18 22:02,
World War Z,2013,災難,1,2013-08-15 15:31,
White House Down,2013,動作,1,2013-08-13 23:35,
Pacific Rim,2013,科幻,1,2013-08-13 23:35,
C+偵探（The Detective）,2007,懸疑,1,2013-08-08 01:18,
B+偵探（The Detective 2）,2011,懸疑,1,2013-08-08 01:18,
A+偵探 / 同謀（The Detective 3）,2013,懸疑,1,2013-08-08 01:18,
Los últimos días（The Last Days）,2013,冒險,1,2013-08-01 00:27,
The Colony,2013,災難,1,2013-08-01 00:27,
Monsters University,2013,動畫,1,2013-08-01 00:27,
Man of Steel,2013,科幻,1,2013-08-01 00:27,
Battleship,2012,科幻,1,2013-08-01 00:26,
The Book of Eli,2010,科幻,1,2013-07-23 00:40,
Undici giorni  undici notti （Pomeriggio caldo / Eleven Days Eleven Nights） 3,1989,情色,1,2013-07-16 22:25,
Undici giorni  undici notti （Eleven Days Eleven Nights） 2,1990,情色,1,2013-07-16 22:25,
Undici giorni  undici notti （Eleven Days Eleven Nights） 1,1987,情色,1,2013-07-16 22:25,
Europa Report,2013,科幻,1,2013-07-16 22:24,
人再囧途之泰囧,2012,喜劇,1,2013-07-16 22:24,
Paycheck,2003,科幻,1,2013-07-16 22:23,
Journey 2: The Mysterious Island,2012,冒險,1,2013-07-16 22:23,
Case départ,2011,冒險,1,2013-07-16 22:22,
Walt Disney Home Entertainment series - Cinderella III: A Twist in Time,2007,動畫,1,2013-06-15 20:37,
Walt Disney Home Entertainment series - Cinderella II: Dreams Come True,2002,動畫,1,2013-06-15 20:36,
Walt Disney Animated Classics series #16 - Sleeping Beauty,1959,動畫,1,2013-05-16 23:42,
Walt Disney Animated Classics series #12 - Cinderella,1950,動畫,1,2013-05-16 23:40,
Walt Disney Animated Classics series #04 - Dumbo,1941,動畫,1,2013-05-16 23:39,
Walt Disney Animated Classics series #01 - Snow White and the Seven Dwarfs,1938,動畫,1,2013-05-16 23:38,
Walt Disney Animated Classics series #02 - Pinocchio,1940,動畫,1,2013-05-16 23:36,
Walt Disney Animated Classics series #13 - Alice in Wonderland,1951,動畫,1,2013-05-16 23:36,
My Awkward Sexual Adventure,2012,喜劇,1,2013-05-01 00:33,
The Host,2013,科幻,1,2013-04-27 01:43,
Las aventuras de Tadeo Jones (Tad),2012,動畫,1,2013-04-27 01:42,
Argo,2012,劇情,1,2013-04-27 01:42,
The Philadelphia Experiment,2012,科幻,1,2013-04-01 20:33,
Flight,2012,劇情,1,2013-02-19 22:42,
Hello Kitty Stump Village #13,2005,動畫,1,2013-02-17 22:00,
Hello Kitty Stump Village #09,2005,動畫,1,2013-02-17 22:00,
Hello Kitty Stump Village #12,2005,動畫,1,2013-02-17 22:00,
Hello Kitty Stump Village #05,2005,動畫,1,2013-02-17 22:00,
Hello Kitty Stump Village #06,2005,動畫,1,2013-02-17 22:00,
Hello Kitty Stump Village #04,2005,動畫,1,2013-02-17 22:00,
Sanrio 世界名作劇場 #11,2002,動畫,1,2013-02-17 10:09,
Sanrio 世界名作劇場 #08,2002,動畫,1,2013-02-17 10:09,
Starbuck,2011,喜劇,1,2013-02-12 21:11,
Melancholia,2011,災難,1,2013-02-12 21:11,
失戀33天（Love is Not Blind）,2011,愛情,1,2013-02-12 21:08,
寒戰（Cold War）,2012,警匪,1,2013-02-08 01:32,
Sennentuntschi: Curse of the Alps,2010,恐怖,1,2013-01-28 00:28,
Hysteria,2011,喜劇,1,2013-01-28 00:27,
The Smurfs,2011,動畫,1,2013-01-28 00:27,
Cars 2,2011,動畫,1,2013-01-28 00:27,
완벽한 파트너（完美搭檔）,2011,愛情,1,2013-01-28 00:24,
太平洋の奇跡 -フォックスと呼ばれた男-（Oba: The Last Samurai）,2011,戰爭,1,2013-01-28 00:22,
Deep End,1970,情色,1,2013-01-28 00:19,
The Girl Next Door,2004,劇情,1,2013-01-26 21:33,
竊聽風雲２（Overheard 2）,2011,警匪,1,2013-01-26 01:11,
竊聽風雲（Overheard）,2009,警匪,1,2013-01-26 01:11,
5 Days of War,2011,戰爭,1,2013-01-26 01:00,
1911（辛亥革命）,2011,戰爭,1,2013-01-26 01:00,
Chernobyl Diaries,2012,恐怖,1,2013-01-13 11:29,
The Lorax,2012,動畫,1,2013-01-12 14:46,
Comme un Chef（The Chef）,2012,劇情,1,2013-01-12 14:41,
Revelation Road 2: the sea of glass and fire,2013,劇情,0,2013-01-09 00:00,
Madagascar 3,2012,動畫,1,2013-01-01 11:19,
반칙왕（The Foul King）,2001,喜劇,0,2001-03-25 14:20,Cinema
미녀는 괴로워（醜女大翻身）,2007,喜劇,0,2007-05-27 12:20,Cinema
趙氏孤兒,2011,戰爭,0,2011-03-31 11:50,Cinema
瘋狂的石頭,2006,喜劇,0,2006-08-18 19:55,Cinema
無間道III：終極無間,2003,警匪,0,2003-12-21 12:30,Cinema
無間道,2002,警匪,0,2002-12-14 12:10,Cinema
奪命金,2011,懸疑,0,2011-10-15 22:00,Cinema
子ぎつねヘレン（Helen The Baby Fox）,2006,劇情,0,2006-07-21 19:40,Cinema
中華英雄,1999,動作,0,1999-07-21 19:20,Cinema
伊莎貝拉（Isabella）,2006,愛情,0,2006-04-23 19:55,Cinema
熊貓回家路,2009,愛情,0,2009-05-23 10:00,Cinema
夏日的麼麼茶（Summer Holiday）,2000,愛情,0,2000-08-18 21:45,Cinema
新宿事件,2009,警匪,0,2009-04-04 09:00,Cinema
生日快樂,2007,愛情,0,2007-01-27 20:00,Cinema
神奇俠侶,2011,愛情,0,2013-01-01 01:00,
日本沈没（Sinking of Japan）,2006,災難,0,2006-08-29 14:50,Cinema
拳神,2001,動作,0,2001-12-08 17:45,Cinema
南京！南京！,2009,戰爭,0,2009-05-16 19:15,Cinema
那些年  我們一起追的女孩,2011,愛情,0,2011-10-22 09:00,Cinema
墨攻,2006,戰爭,0,2006-11-23 11:35,Cinema
盲導犬クイールの一生（Quill）,2004,愛情,0,2004-08-07 20:00,Cinema
落葉歸根,2007,喜劇,0,2007-01-26 19:50,Cinema
硫黄島からの手紙（Letters from Iwo Jima）,2007,戰爭,0,2007-03-11 11:35,Cinema
花樣年華（In The Mood For Love）,2000,劇情,0,2000-10-07 19:55,Cinema
黑社會2之以和為貴（Election 2）,2006,警匪,0,2006-04-29 21:00,Cinema
黑社會（Election）,2005,警匪,0,2005-10-22 16:00,Cinema
跟蹤,2007,警匪,0,2007-06-23 10:30,Cinema
功夫,2005,動作,0,2005-01-15 22:20,Cinema
毒戰,2013,警匪,0,2013-01-01 01:00,
低俗喜劇,2012,喜劇,0,2013-01-01 01:00,
大丈夫２,2006,喜劇,0,2006-09-17 10:45,Cinema
大追捕,2012,警匪,0,2012-04-05 11:35,Cinema
打擂台,2011,動作,0,2013-01-01 01:00,
Yes! Man,2009,喜劇,0,2009-02-27 19:55,Cinema
Windtalkers,2002,戰爭,0,2002-07-06 21:45,Cinema
What Lies Beneath,2000,懸疑,0,2000-09-09 21:35,Cinema
What Happens in Vegas,2008,愛情,0,2008-05-17 21:40,Cinema
War of the Worlds,2005,災難,0,2005-07-15 21:40,Cinema
WALL．E,2008,動畫,0,2008-08-16 09:55,Cinema
Up,2009,動畫,0,2009-08-08 09:30,Cinema
Upside Down,2012,懸疑,0,2012-10-05 21:55,Cinema
U-571,2000,戰爭,0,2000-06-30 20:20,Cinema
Troy,2004,戰爭,0,2004-06-19 09:30,Cinema
Traffic,2001,劇情,0,2001-03-24 18:00,Cinema
Toy Story 3,2010,動畫,0,2010-08-14 12:30,Cinema
Total Recall,2012,科幻,0,2013-01-01 01:00,
Titanic,1997,紀錄,0,1997-12-23 19:15,Cinema
The Time Machine,2002,科幻,0,2002-04-01 19:50,Cinema
The Reaping,2007,災難,0,2007-04-06 19:55,Cinema
The Rock,1996,動作,0,1996-08-25 17:00,Cinema
The Pursuit Of Happyness,2007,劇情,0,2007-04-04 21:35,Cinema
The Purge,2013,恐怖,0,2013-01-01 01:00,
The Prince of Egypt,1998,動畫,0,1998-12-29 19:45,Cinema
The Passion of The Christ,2004,紀錄,0,2004-04-10 19:30,Cinema
The Omen,2006,恐怖,0,2006-06-06 20:15,Cinema
The Lord of The Ring,2002,魔幻,0,2002-02-02 15:15,Cinema
The Invasion,2007,恐怖,0,2007-08-25 18:05,Cinema
The Island,2005,懸疑,0,2005-07-28 19:20,Cinema
MCU - The Incredible Hulk,2008,動作,0,2013-01-01 01:00,
The Imaginarium Of Doctor Parnassus,2010,劇情,0,2010-01-24 14:40,Cinema
The Hangover,2009,喜劇,0,2013-01-01 01:00,
The Fifth Element,1997,災難,0,1997-06-17 14:05,Cinema
The Counterfeiters,2008,劇情,0,2008-06-08 16:35,Cinema
The Cell,2000,恐怖,0,2000-10-28 18:10,Cinema
The Bug's Life,1998,動畫,0,1998-12-29 14:10,Cinema
The Bone Collector,2000,懸疑,0,2000-01-07 14:10,Cinema
MCU - Avengers 1: The Avengers,2012,動作,0,2013-01-01 01:00,
Terminator 3: Rise of the Machines,2003,科幻,0,2003-07-12 17:25,Cinema
Ted,2012,喜劇,0,2012-10-06 10:10,Cinema
Superhero Movie,2008,喜劇,0,2008-06-29 14:40,Cinema
Superman Returns,2006,動作,0,2006-07-18 21:45,Cinema
Step Up 2: The Streets,2008,劇情,0,2008-04-06 19:50,Cinema
Star Wars 1: The Phantom Menace,1999,科幻,0,1999-07-01 12:00,Cinema
Star Wars 2: Attack of the Clones,2002,科幻,0,2002-05-17 21:55,Cinema
Star Trek (#08) First Contact,1997,科幻,0,1997-02-14 21:45,Cinema
Shrek 3,2007,動畫,0,2007-06-30 11:15,Cinema
Shrek Forever After,2010,動畫,0,2010-07-01 09:40,Cinema
Scary Movie 2,2001,恐怖,0,2001-09-15 17:55,Cinema
Seabiscuit,2003,劇情,0,2003-10-26 15:40,Cinema
Saving Private Ryan,1998,戰爭,0,1998-09-22 21:20,Cinema
Rommel,2012,戰爭,0,2013-01-01 01:00,
Road Trip,2000,喜劇,0,2000-10-31 20:00,Cinema
Ratatouille,2007,動畫,0,2007-08-11 09:10,Cinema
Puss In Boots,2012,動畫,0,2012-02-04 09:30,Cinema
PI,2012,劇情,0,2013-01-01 01:00,
Persepolis,2007,動畫,0,2007-12-15 21:55,Cinema
Olympus Has Fallen,2013,動作,0,2013-01-01 01:00,
Oblivion,2013,科幻,0,2013-01-01 01:00,
Notting Hill,1999,愛情,0,1999-06-19 16:05,Cinema
North Face,2011,劇情,0,2013-01-01 01:00,
Mr Bean's Holiday,2007,喜劇,0,2007-04-22 16:30,Cinema
Mirror Mirror,2012,魔幻,0,2012-04-05 21:40,Cinema
Minority Report,2002,科幻,0,2002-07-06 15:45,Cinema
Merry Christmas,2005,戰爭,0,2005-12-24 23:50,Cinema
Men of Honor,2000,劇情,0,2000-11-18 21:40,Cinema
Matrix Revolutions,2003,科幻,0,2003-11-08 20:00,Cinema
Matrix Reloaded,2003,科幻,0,2003-05-24 21:40,Cinema
Mamma Mia,2008,愛情,0,2008-09-15 15:45,Cinema
Madagascar 2,2008,動畫,0,2008-12-20 10:45,Cinema
Madagascar,2005,動畫,0,2013-01-01 01:00,
Looper,2012,科幻,0,2012-10-03 15:40,Cinema
Ladder 49,2004,劇情,0,2004-10-29 19:15,Cinema
Knowing,2009,災難,0,2009-04-25 10:25,Cinema
Juno,2008,愛情,0,2008-03-09 19:55,Cinema
MCU - Iron Man 3,2013,動作,0,2013-05-06 16:20,Cinema
MCU - Iron Man,2008,動作,0,2013-01-01 01:00,
MCU - Iron Man 2,2010,動作,0,2013-01-01 01:00,
Inception,2010,懸疑,0,2010-07-30 09:40,Cinema
Ice Age 3,2009,動畫,0,2013-01-01 01:00,
Ice Age 4,2012,動畫,0,2012-07-07 09:00,Cinema
How To Train Your Dragon,2010,動畫,0,2010-04-01 09:30,Cinema
Horton Hears,2008,動畫,0,2008-03-24 12:10,Cinema
Harry Potter,2001,魔幻,0,2001-12-31 12:45,Cinema
Happily Never After,2007,動畫,0,2007-04-05 17:40,Cinema
Hancock,2008,動作,0,2008-07-19 11:40,Cinema
Hannibal,2001,恐怖,0,2001-03-10 19:15,Cinema
Gulliver's Travel,2010,冒險,0,2010-12-25 09:50,Cinema
Ghost Ship,2002,恐怖,0,2002-11-02 21:30,Cinema
Frequency,2000,科幻,0,2000-10-21 19:20,Cinema
Flags of Our Fathers,2007,戰爭,0,2007-01-13 21:40,Cinema
Face Off,1997,警匪,0,1997-08-26 19:30,Cinema
Existenz,1999,恐怖,0,1999-11-04 17:30,Cinema
Enchanted,2008,魔幻,0,2008-02-23 20:05,Cinema
Eat Pray Love,2010,愛情,0,2010-10-19 11:30,Cinema
Dracula 2001,2001,恐怖,0,2001-03-31 17:55,Cinema
Despicable Me 2,2013,動畫,0,2013-07-10 20:30,Cinema
Despicable Me,2010,動畫,0,2010-08-07 10:10,Cinema
Deep Impact,1998,災難,0,1998-06-04 16:00,Cinema
Death Note,2006,懸疑,0,2006-08-12 17:00,Cinema
Death Note: The Last Name,2006,懸疑,0,2006-11-03 11:30,Cinema
Daredevil,2003,動作,0,2003-03-01 16:00,Cinema
Das Leben der Anderen（The Lives of Others）,2007,紀錄,0,2007-02-11 19:15,Cinema
Constantine,2005,科幻,0,2005-02-15 17:00,Cinema
Cloud Atlas,2012,科幻,0,2013-01-01 01:00,
Click,2006,喜劇,0,2006-09-19 21:40,Cinema
Cherry Falls,2000,恐怖,0,2000-10-14 21:15,Cinema
Charlie Wilson's War,2008,紀錄,0,2008-03-22 16:05,Cinema
Cast Away,2000,冒險,0,2000-02-20 19:30,Cinema
Catch Me If You Can,2003,警匪,0,2003-02-08 16:35,Cinema
Cars,2006,動畫,0,2006-07-26 19:30,Cinema
MCU - Captain America 1: The First Avenger,2011,動作,0,2013-01-01 01:00,
Bring It On,2000,喜劇,0,2000-11-12 17:55,Cinema
Brokeback Mountain,2006,情色,0,2006-03-05 16:50,Cinema
Black Swan,2010,劇情,0,2013-01-01 01:00,
Blood Diamond,2006,警匪,0,2006-01-28 19:10,Cinema
Black Book,2007,戰爭,0,2007-06-05 19:00,Cinema
Black Hawn Down,2002,戰爭,0,2002-01-26 17:30,Cinema
Bedazzled,2000,喜劇,0,2000-12-06 16:10,Cinema
Battle Royale,2001,恐怖,0,2001-01-20 17:20,Cinema
Avatar,2009,科幻,0,2009-12-26 10:00,Cinema
Apocalypto,2007,科幻,0,2007-03-29 16:35,Cinema
Anna and the King,1999,傳記,0,2013-01-01 01:00,
Analyze This,1999,喜劇,0,1999-06-28 13:50,Cinema
American Reunion,2012,喜劇,0,2013-01-01 01:00,
A Good Day to Die Hard,2013,警匪,0,2013-01-01 01:00,
After Earth,2013,科幻,0,2013-06-14 16:20,Cinema
Admission,2013,愛情,0,2013-01-01 01:00,
A Christmas Carol,2009,劇情,0,2009-11-28 09:50,Cinema
A.I. Artificial Intelligence,2001,科幻,0,2001-08-25 16:10,Cinema
300,2007,戰爭,0,2007-03-17 20:05,Cinema
28 Days Later,2003,災難,0,2003-11-15 19:50,Cinema
2012,2009,災難,0,2009-11-17 10:30,Cinema
1942,2012,戰爭,0,2013-01-01 01:00,
15 Minutes,2001,警匪,0,2000-04-07 19:30,Cinema
100 Degrees Below Zero,2013,災難,0,2013-01-01 01:00,
MCU - Thor,2011,動作,1,2012-01-14 16:20,
Super 8,2011,科幻,1,2012-01-14 16:19,
Apollo 18,2011,科幻,1,2012-01-14 16:19,
Another Earth,2011,科幻,1,2012-01-14 16:19,
猛男滾死隊,2011,喜劇,1,2011-10-23 23:12,
The Adjustment Bureau,2011,科幻,1,2011-10-23 23:12,
Source Code,2011,科幻,1,2011-10-23 23:12,
Rio,2011,動畫,1,2011-10-23 23:12,
Passengers,2008,懸疑,1,2011-10-23 23:12,
ヌードの夜／愛は惜しみなく奪う（A Night in Nude Salvation）,2010,情色,1,2011-05-07 14:34,
EuroTrip,2004,喜劇,1,2011-05-07 14:34,
No Strings Attached,2011,愛情,1,2011-05-07 14:34,
The Cave,2005,冒險,1,2011-05-07 14:34,
綫人（The Stool Pigeon）,2010,警匪,1,2011-05-07 14:34,
狄仁傑之通天帝國（Detective Dee and the Mystery of the Phantom Flame）,2010,劇情,1,2011-05-07 14:34,
時をかける少女（穿越時空的少女）,2010,科幻,1,2011-04-27 00:52,
大人物,2011,喜劇,1,2011-04-27 00:52,
평양성（The City of Pyeongyang）,2010,喜劇,1,2011-04-27 00:52,
La Belle endormie（The Sleeping Beauty）,2010,劇情,1,2011-04-27 00:51,
性欲の機械（Himo no Hiroshi）,2005,情色,1,2011-04-27 00:50,
072戦隊Gレンジャー（G-Rangers）,2010,情色,1,2011-04-27 00:50,
The Eagle,2011,戰爭,1,2011-04-16 16:45,
Battle: Los Angeles,2011,災難,1,2011-04-16 16:45,
Hereafter,2010,魔幻,1,2011-04-16 16:40,
तेरे बिन लादेन（Tere Bin Laden）,2010,喜劇,1,2011-03-30 14:49,
Middle Men,2009,喜劇,1,2011-03-30 14:49,
Ancient Aliens（Season One）,2009,電視,1,2011-03-30 14:48,
The King's Speech,2010,劇情,1,2011-03-21 23:13,
Sanctum,2011,冒險,1,2011-03-21 23:13,
Kalamity,2010,懸疑,1,2011-03-21 23:13,
Kaboom,2010,喜劇,1,2011-03-21 23:12,
Discovery Channel - The Battle Of Chernobyl,2006,紀錄,1,2011-03-21 23:11,
थ्री इडीयट्स（3 Idiots）,2009,喜劇,1,2011-03-18 20:36,
127 Hours,2010,傳記,1,2011-03-18 20:36,
페스티발（Festival）,1996,劇情,1,2011-03-18 20:35,
Yogi Bear,2010,動畫,1,2011-03-18 20:35,
오감도（五感圖）,2009,愛情,1,2011-03-18 20:34,
讓子彈飛（Let The Bullets Fly）,2010,懸疑,1,2011-03-01 23:31,
Stonehenge Apocalypse,2010,科幻,1,2011-03-01 23:31,
Arctic Blast,2010,災難,1,2011-03-01 23:30,
大笑江湖（Just Call Me Nobody）,2010,喜劇,1,2011-03-01 23:30,
魔俠傳之唐吉可德,2010,懸疑,1,2011-02-03 10:12,
三槍拍案驚奇,2009,懸疑,1,2011-02-03 10:12,
Winter in Wartime（Oorlogswinter）,2008,戰爭,1,2011-02-03 10:12,
Stranded（Djinns）,2010,戰爭,1,2011-02-03 10:12,
Lebanon,2009,戰爭,1,2011-02-03 10:11,
Devil,2010,恐怖,1,2011-02-03 10:08,
赤裸武器,2002,劇情,1,2011-01-06 21:47,
囡囡,2010,劇情,1,2011-01-06 21:47,
Serie Galante,2005,情色,1,2011-01-06 21:46,
From Time To Time,2009,科幻,1,2011-01-06 21:46,
Altitude,2010,懸疑,1,2011-01-06 21:45,
The Social Network,2010,紀錄,1,2010-12-20 00:04,
Skyline,2010,科幻,1,2010-12-20 00:04,
Shuttler Island,2010,懸疑,1,2010-12-20 00:04,
美麗密令,2010,喜劇,1,2010-12-11 22:36,
月滿軒尼詩,2010,愛情,1,2010-12-11 22:36,
Its Complicated,2009,喜劇,1,2010-12-11 14:19,
Sex and The City,2008,愛情,1,2010-12-11 14:19,
9 To 5 Days In Porn,2010,情色,1,2010-11-18 18:42,
Sex And Lucia（Lucía y el sexo）,2001,情色,1,2010-11-18 18:42,
Room In Rome,2010,情色,1,2010-11-18 18:42,
HBO - The Pacific,2010,電視,1,2010-11-12 23:03,
Hot Tub Time Machine,2010,喜劇,1,2010-11-12 23:03,
Tales of an Ancient Empire,2010,情色,1,2010-11-12 23:03,
Nina Hartley's Guide To Great Sex During Pregnancy,2008,指南,1,2010-06-13 22:09,
A Girl's Guide To 21st Century Sex - 8 Chapters,2009,指南,1,2010-06-13 22:09,
Fire In Her Bed,2009,情色,1,2010-06-13 22:09,
The Girlfriend Experience,2009,劇情,1,2010-06-12 11:45,
Yatterman,2009,喜劇,1,2010-06-12 11:45,
Virtuality,2009,科幻,1,2010-06-12 11:44,
Bride Wars,2009,劇情,1,2010-06-12 11:41,
Eloises Lover,2009,情色,1,2010-06-12 11:41,
Women in Trouble,2009,劇情,1,2010-06-11 12:16,
Monster Ark,2008,魔幻,1,2010-06-11 12:15,
Mentiras Y Gordas（Sex  Party and Lies）,2009,情色,1,2010-06-11 12:15,
72家租客,2010,喜劇,1,2010-06-11 12:14,
해운대（海雲台）,2009,災難,1,2010-04-29 22:31,
Legion,2010,魔幻,1,2010-04-29 22:31,
백야행（白夜行）,2009,劇情,1,2010-04-29 22:31,
내여자의남자친구（我女友的男朋友）,2007,情色,1,2010-04-29 22:07,
十月圍城（Bodyguards and Assassins）,2010,動作,1,2010-04-18 00:00,
大兵小將（Little Big Soldier）,2010,戰爭,1,2010-04-17 23:51,
칼잡이오수정（豬兜王子復仇記）,2009,電視,1,2010-04-06 18:44,
Le Intoccabili （Some Like It Hard）,2005,情色,1,2010-04-06 18:40,
Terminator 4: Salvation,2009,科幻,1,2010-04-06 18:38,
The Princess and the Frog,2009,動畫,1,2010-04-06 18:37,
由利亚百：泛用人型少女﹐百式（由莉亞100式）,2009,情色,1,2010-03-21 13:56,
處女的關係2,2009,情色,1,2010-03-21 13:56,
旺角監獄（To Live and Die in Mongkok）,2009,警匪,1,2010-03-02 00:35,
再生號（Written by）,2009,懸疑,1,2010-03-02 00:35,
機動部隊 - 伙伴（Tactical Unit - Partners）,2009,警匪,1,2010-01-21 23:48,
機動部隊 - 絕路（Tactical Unit - No Way Out）,2009,警匪,1,2010-01-21 23:48,
機動部隊 - 人性（Tactical Unit - Human Nature）,2009,警匪,1,2010-01-21 23:48,
機動部隊 - 警例（Tactical Unit - The Code）,2009,警匪,1,2010-01-21 23:46,
機動部隊 - 同袍（Tactical Unit - Comrades In Arms）,2009,警匪,1,2010-01-21 23:46,
Choke,2008,情色,1,2010-01-21 20:27,
頤和園,2006,愛情,1,2010-01-21 20:27,
The Time Traveler's Wife,2009,科幻,1,2010-01-17 12:48,
天水圍的日與夜,2008,劇情,1,2010-01-09 22:56,
The Last Temptation Of Christ,1988,劇情,1,2010-01-09 22:56,
Madagascar: Merry Madagascar,2009,動畫,1,2010-01-09 18:38,
Cloudy with a Chance of Meatballs,2009,動畫,1,2010-01-09 18:37,
21 Grams,2003,劇情,1,2009-12-31 00:36,
Nine Miles Down,2009,恐怖,1,2009-12-27 21:18,
Anonyma - Eine Frau in Berlin,2008,戰爭,1,2009-12-13 00:01,
Teeth,2007,情色,1,2009-12-12 01:04,
Shortbus,2007,情色,1,2009-12-06 22:10,
Baise Moi (Rape Me),2000,情色,1,2009-11-14 00:56,
Caligula,1979,情色,1,2009-11-14 00:56,
Diario de una ninfómana (Diary of A Sex Addict),2008,情色,1,2009-11-07 13:05,
태극기　휘날리며（太極旗飄揚．生死有情）,2004,戰爭,1,2009-10-25 01:00,
마파도（Mapado  麻婆島）,2005,喜劇,1,2009-10-25 01:00,
頭文字 D（Initial D）,2005,劇情,1,2009-10-25 01:00,
門徒（Protege）,2007,劇情,1,2009-10-25 01:00,
長江７號（CJ7）,2008,劇情,1,2009-10-25 01:00,
豐胸秘CUP（Beauty and the Breast）,2002,喜劇,1,2009-10-25 01:00,
証人（The Beast Stalker）,2009,警匪,1,2009-10-25 01:00,
蘋果（Lost In Beijing）,2007,情色,1,2009-10-25 01:00,
滿城盡帶黃金甲（Curse of the Golden Flower）,2006,劇情,1,2009-10-25 01:00,
東京審判（The Tokyo Trial）,2006,紀錄,1,2009-10-25 01:00,
戦国自衛隊1549（Sengoku jieitai 1549）,2005,科幻,1,2009-10-25 01:00,
寶貝計劃（Rob B Hood）,2006,動作,1,2009-10-25 01:00,
ต้มยำกุ้ง（Tom Yum Goong  冬蔭功）,2005,動作,1,2009-10-25 01:00,
สตรีเหล็ก（The Iron Ladies  人妖打排球）,2000,喜劇,1,2009-10-25 01:00,
友情歲月．山雞故事（Those Were the Days）,2000,劇情,1,2009-10-25 01:00,
姨媽的後現代生活（The Postmodern Life of My Aunt）,2007,劇情,1,2009-10-25 01:00,
一碌蔗（Just One Look）,2002,喜劇,1,2009-10-25 01:00,
野．良犬（The Pye Dog）,2007,劇情,1,2009-10-25 01:00,
夜宴（The Banquet）,2006,劇情,1,2009-10-25 01:00,
崖の上のポニョ（崖上的波兒）,2008,動畫,1,2009-10-25 01:00,
兄弟（Brothers）,2007,警匪,1,2009-10-25 01:00,
童夢奇緣（Wait 'Til You're Older）,2005,劇情,1,2009-10-25 01:00,
投名狀（The Warlords）,2007,戰爭,1,2009-10-25 01:00,
太陽照常升起（The Sun Also Rises）,2007,劇情,1,2009-10-25 01:00,
太行山上（On the Mountain of Tai Hang）,2005,戰爭,1,2009-10-25 01:00,
瘦身男女（Love on a diet）,2001,劇情,1,2009-10-25 01:00,
神探（Mad Detective）,2007,警匪,1,2009-10-25 01:00,
神風1945,2007,戰爭,1,2009-10-25 01:00,
色．戒（Lust Caution）,2007,情色,1,2007-09-30 16:05,Cinema
人魚朵朵,2008,愛情,1,2009-10-25 01:00,
男たちの大和（Yamato）,2005,戰爭,1,2009-10-25 01:00,
奇謀妙計五福星（Winners and Sinners）,1983,喜劇,1,2009-10-25 01:00,
那山那人那狗（Postmen in the Mountains）,1999,劇情,1,2009-10-25 01:00,
落葉歸根（Getting Home）,2007,劇情,1,2009-10-25 01:00,
恋は舞い降りた（三天兩夜）,1997,愛情,1,2009-10-25 01:00,
拉貝日記（John Rabe）,2009,紀錄,1,2009-10-25 01:00,
老港正傳（Mr. Cinema）,2007,劇情,1,2009-10-25 01:00,
精裝追女仔（The Romancing Star）,1987,喜劇,1,2009-10-25 01:00,
家有囍事2009（All's Well  Ends Well 2009）,2009,喜劇,1,2009-10-25 01:00,
江湖 （Jiang Hu）,2004,劇情,1,2009-10-25 01:00,
集結號（Assembly）,2007,戰爭,1,2009-10-25 01:00,
回魂夜（Out of the Dark）,1995,喜劇,1,2009-10-25 01:00,
功夫（Kung Fu Hustle）,2004,動作,1,2009-10-25 01:00,
海角七號（Cape No. 7）,2008,劇情,1,2009-10-25 01:00,
返老還童（Forever Young）,1989,喜劇,1,2009-10-25 01:00,
父子（After This Our Exile）,2006,劇情,1,2009-10-25 01:00,
出埃及記（Exodus）,2007,劇情,1,2009-10-25 01:00,
春光乍洩（Happy Together）,1997,愛情,1,2009-10-25 01:00,
赤壁２：決戰天下（Red Cliff）,2009,戰爭,1,2009-10-25 01:00,
不能說的．秘密（Secret）,2007,愛情,1,2009-10-25 01:00,
赤壁（Red Cliff）,2008,戰爭,1,2009-10-25 01:00,
暴劫傾情（Scarred Memory）,1996,劇情,1,2009-10-25 01:00,
笨小孩（Crying Heart）,1999,劇情,1,2009-10-25 01:00,
暗戰２（Running Out of Time 2）,2001,警匪,1,2009-10-25 01:00,
阿虎（A Fighter's Blues）,2000,動作,1,2000-12-26 16:05,Cinema
あらしのよるに（狼羊物語）,2005,動畫,1,2009-10-25 01:00,
Zack and Miri Make a Porno,2009,情色,1,2009-10-25 01:00,
White Noise,2005,懸疑,1,2009-10-25 01:00,
WHITEOUT．ホワイトアウト（雪茫危機）,2000,懸疑,1,2009-10-25 01:00,
War of the Worlds 2 : The Next Wave,2008,災難,1,2009-10-25 01:00,
Valkyrie,2008,紀錄,1,2009-10-25 01:00,
Transmorphers,2007,科幻,1,2009-10-25 01:00,
Toy Story,1995,動畫,1,2009-10-25 01:00,
Timeline,2003,科幻,1,2009-10-25 01:00,
Timecop,1994,科幻,1,2009-10-25 01:00,
The Running Man,1987,科幻,1,2009-10-25 01:00,
The Number 23,2007,懸疑,1,2009-10-25 01:00,
The Mummy: Tomb Of the Dragon,2008,冒險,1,2009-10-25 01:00,
The Mummy Returns,2001,冒險,1,2001-06-16 17:00,Cinema
The Mummy,1999,冒險,1,1999-07-24 16:10,Cinema
The Man from Earth,2007,科幻,1,2009-10-25 01:00,
The Lord of the Rings : The Two Towers,2002,魔幻,1,2009-10-25 01:00,
The Fountain,2007,愛情,1,2009-10-25 01:00,
The Day After Tomorrow,2004,災難,1,2004-05-29 19:15,Cinema
The Day The Earth Stood Still,2008,災難,1,2009-10-25 01:00,
The Da Vinci Code,2006,懸疑,1,2009-10-25 01:00,
The Core,2003,冒險,1,2009-10-25 01:00,
The Butterfly Effect 3 : Revelation,2009,懸疑,1,2009-10-25 01:00,
The Butterfly Effect,2004,懸疑,1,2009-10-25 01:00,
The Butterfly Effect 2,2006,懸疑,1,2009-10-25 01:00,
The Bucket List,2008,喜劇,1,2009-10-25 01:00,
Taking Lives,2004,恐怖,1,2009-10-25 01:00,
Supernova,2005,災難,1,2009-10-25 01:00,
Sunshine,2007,科幻,1,2009-10-25 01:00,
Spymate,2006,冒險,1,2009-10-25 01:00,
Slumdog Millionaire,2008,喜劇,1,2009-10-25 01:00,
Saints and Soldiers,2007,戰爭,1,2009-10-25 01:00,
Proof,2005,懸疑,1,2009-10-25 01:00,
Prison Break,2009,電視,1,2009-10-25 01:00,
Prison Break - The Final Break,2009,電視,1,2009-10-25 01:00,
Poseidon,2006,災難,1,2009-10-25 01:00,
Population 436,2006,恐怖,1,2009-10-25 01:00,
Night at the Museum,2007,喜劇,1,2009-10-25 01:00,
Night Watch,2007,魔幻,1,2009-10-25 01:00,
My Boy Jack,2008,戰爭,1,2009-10-25 01:00,
Munich,2005,紀錄,1,2009-10-25 01:00,
Monster House,2006,動畫,1,2009-10-25 01:00,
Miracle at St. Anna,2008,戰爭,1,2009-10-25 01:00,
Mein Fuhrer,2008,喜劇,1,2009-10-25 01:00,
Lorelei,2005,戰爭,1,2009-10-25 01:00,
Liberty Stands Still,2002,懸疑,1,2009-10-25 01:00,
King Kong,2005,科幻,1,2009-10-25 01:00,
Jumper,2008,科幻,1,2009-10-25 01:00,
Journey to the Center of the Earth,2008,冒險,1,2009-10-25 01:00,
Johnny English,2003,喜劇,1,2009-10-25 01:00,
It's a Boy Girl Thing,2006,喜劇,1,2009-10-25 01:00,
Irreversible,2002,懸疑,1,2009-10-25 01:00,
In The Cut,2003,懸疑,1,2009-10-25 01:00,
I am legend,2007,科幻,1,2009-10-25 01:00,
Gabriel,2007,魔幻,1,2009-10-25 01:00,
Flight Plan,2006,懸疑,1,2009-10-25 01:00,
Flyboys,2007,戰爭,1,2009-10-25 01:00,
Evan ALMIGHTY,2007,喜劇,1,2009-10-25 01:00,
Dresden The Inferno,2008,戰爭,1,2009-10-25 01:00,
Day Watch,2007,魔幻,1,2009-10-25 01:00,
Cradle 2 the Grave,2003,動作,1,2009-10-25 01:00,
Cloverfield,2008,災難,1,2009-10-25 01:00,
Closer,2004,愛情,1,2009-10-25 01:00,
Chicken Little,2007,動畫,1,2009-10-25 01:00,
Birth,2004,懸疑,1,2009-10-25 01:00,
Bee Movie,2008,動畫,1,2009-10-25 01:00,
Battle Royale．バトル　ロワイヤル（大逃殺）,2000,恐怖,1,2009-10-25 01:00,
All Quiet on the Western Front,1979,戰爭,1,2009-10-25 01:00,
Absolute Zero,2008,災難,1,2009-10-25 01:00,
9個女仔1隻鬼（Nine Girls and a Ghost）,2002,喜劇,1,2009-10-25 01:00,
30 Days Of Night,2008,恐怖,1,2009-10-25 01:00,
28 Weeks Later,2007,恐怖,1,2009-10-25 01:00,
1408,2007,恐怖,1,2009-10-25 01:00,
10000 B.C.,2008,冒險,1,2009-10-25 01:00,
